raw_date,raw_merchant,raw_amount,true_category,true_date,true_amount
2025-02-19,DELIVEROO.IE *8043,-46.99,Dining & Takeaway,2025-02-19,46.99
2024-01-17,Gourmet Burger Kitchen,-18.98,Dining & Takeaway,2024-01-17,18.98
2024.07.06,Marks & Spencer Food,-51.60,Groceries,2024-07-06,51.6
2025-03-23,Lidl 1081 BRAY,-12.62,Groceries,2025-03-23,12.62
2024-09-19,nandos galway,-48.74,Dining & Takeaway,2024-09-19,48.74
2023.09.10,  CIRCLE K KILKENNY   ,27.13 EUR,Transport,2023-09-10,27.13
30/08/2024,,-?85.28,Groceries,2024-08-30,85.28
30/11/2024,TESCO EXTRA DUNDALK,?52.69,Groceries,2024-11-30,52.69
2024-07-09,Costa Coffee CORK,-33.10,Dining & Takeaway,2024-07-09,33.1
2023-07-14,Costa Coffee BRAY,51.78,Dining & Takeaway,2023-07-14,51.78
"Oct 27, 2024",ASOS.COM ORDERS,-?41.67,Shopping,2024-10-27,41.67
16/03/2025,,-74.15,Groceries,2025-03-16,74.15
2023-07-10,  AMZN PRIME MEMBER   ,13.51,Entertainment & Subscriptions,2023-07-10,13.51
2024-02-01,LEAP CARD AUTO TOPUP,-17.69,Transport,2024-02-01,17.69
2024-11-13,LIDL IRELAND,?48.36,Groceries,2024-11-13,48.36
29/10/2023,Odeon Cinemas Dublin,-?40.11,Entertainment & Subscriptions,2023-10-29,40.11
30/01/2023,Netflix.com monthly,-4.99,Entertainment & Subscriptions,2023-01-30,4.99
2025-04-01,  JUST EAT 2347   ,?15.38,Dining & Takeaway,2025-04-01,15.38
2024.12.11,Steam Games Purchase,8.48 EUR,Entertainment & Subscriptions,2024-12-11,8.48
2025.06.07,  Starbucks Coffee #4463   ,-?42.32,Dining & Takeaway,2025-06-07,42.32
2024-06-20,Applegreen Motorway Services,-?24.10,Transport,2024-06-20,24.1
2023-06-30,Costa Coffee LIMERICK,-21.30,Dining & Takeaway,2023-06-30,21.3
2025.06.16,YOUTUBE PREMIUM,-8.43,Entertainment & Subscriptions,2025-06-16,8.43
2023-11-25,Brown Thomas Dublin,-10.00,Shopping,2023-11-25,10.0
"Jul 29, 2023",Nandos Dundalk,-4.40,Dining & Takeaway,2023-07-29,4.4
2024.01.22,Steam Games Purchase,-10.56,Entertainment & Subscriptions,2024-01-22,10.56
2024.05.20,Dominos Pizza BRAY,-?4.61,Dining & Takeaway,2024-05-20,4.61
2024-01-01,  SPOTIFY AB 2501 EUR   ,-19.80,Entertainment & Subscriptions,2024-01-01,19.8
2023-04-17,Gourmet Burger Kitchen,-?31.10,Dining & Takeaway,2023-04-17,31.1
"Jul 31, 2024",IKEA DUBLIN STORE,-194.00,Shopping,2024-07-31,194.0
2023-10-18,Steam Games Purchase,?36.21,Entertainment & Subscriptions,2023-10-18,36.21
2023.01.05,TESCO EXTRA KILKENNY,?64.36,Groceries,2023-01-05,64.36
15/09/2024,Lidl 5559 GALWAY,-62.97,Groceries,2024-09-15,62.97
2023-11-08,Marks & Spencer Food,-?29.31,Groceries,2023-11-08,29.31
2023-08-27,Dominos Pizza DUNDALK,-32.46,Dining & Takeaway,2023-08-27,32.46
28/12/2024,ALDI IRELAND GMBH,154.18,Groceries,2024-12-28,154.18
2023-02-17,PLAYSTATION NETWORK 7475,?14.50,Entertainment & Subscriptions,2023-02-17,14.5
01/05/2023,SuperValu DUBLIN,?51.99,Groceries,2023-05-01,51.99
2024-04-11,Applegreen Motorway Services,-46.36,Transport,2024-04-11,46.36
2024.04.27,vodafone bill pay,-154.27,Utilities & Bills,2024-04-27,154.27
"Nov 02, 2024",  TESCO EXTRA DUBLIN   ,-82.55,Groceries,2024-11-02,82.55
"Mar 03, 2023",  SHELL PETROL 3676   ,-8.52,Transport,2023-03-03,8.52
05/06/2025,Boojum Burrito LIMERICK,-?8.14,Dining & Takeaway,2025-06-05,8.14
2025-05-06,ODEON CINEMAS CORK,-?37.26,Entertainment & Subscriptions,2025-05-06,37.26
2023.10.09,BOOKING.COM HOTEL,1342.05,Travel,2023-10-09,1342.05
2024-04-21,ASOS.COM ORDERS,-136.11,Shopping,2024-04-21,136.11
2023-11-17,odeon cinemas swords,?4.99,Entertainment & Subscriptions,2023-11-17,4.99
10/04/2024,irish rail online,-14.15,Transport,2024-04-10,14.15
2024-08-05,Audible UK Monthly,-10.18,Entertainment & Subscriptions,2024-08-05,10.18
01/05/2025,The Local Pub & Grill,-3.80,Dining & Takeaway,2025-05-01,3.8
14/07/2024,circle k galway,-21.59,Transport,2024-07-14,21.59
29/12/2024,SuperValu GALWAY,-38.98,Groceries,2024-12-29,38.98
"Jul 02, 2023",Boots Healthcare BRAY,-12.00,Health & Fitness,2023-07-02,12.0
2023-07-10,marks & spencer food,-26.53,Groceries,2023-07-10,26.53
2024-03-14,PureGym Direct Debit,?41.45,Health & Fitness,2024-03-14,41.45
2024-05-09,Dentist Clinic Dublin,-?45.21,Health & Fitness,2024-05-09,45.21
2023-07-10,ASOS.COM ORDERS,-91.34,Shopping,2023-07-10,91.34
20/11/2023,  DELIVEROO.IE *5574   ,?38.40,Dining & Takeaway,2023-11-20,38.4
22/09/2023,FREE NOW TAXI DUBLIN,-33.65,Transport,2023-09-22,33.65
2024-04-22,tesco store #8365,?79.30,Groceries,2024-04-22,79.3
2024-05-27,TESCO EXTRA SWORDS,-64.24,Groceries,2024-05-27,64.24
2024.06.25,,-51.00,Groceries,2024-06-25,51.0
05/01/2023,  Gourmet Burger Kitchen   ,-?30.13,Dining & Takeaway,2023-01-05,30.13
03/04/2023,BOOTS PHARMACY BRAY,-105.48,Shopping,2023-04-03,105.48
"Jul 06, 2023",Council Tax Payment,-83.71,Utilities & Bills,2023-07-06,83.71
"May 08, 2023",Audible Uk Monthly,?4.99,Entertainment & Subscriptions,2023-05-08,4.99
2023-07-31,  SHELL PETROL 5448   ,-?43.18,Transport,2023-07-31,43.18
10/11/2023,Shell Petrol 1998,-35.99,Transport,2023-11-10,35.99
2023-07-04,dart ticket machine,?30.01,Transport,2023-07-04,30.01
"May 31, 2025",Starbucks Coffee #2886,-?65.87,Dining & Takeaway,2025-05-31,65.87
2023-10-23,,-8.04,Transport,2023-10-23,8.04
"Oct 22, 2024",Netflix.com monthly,-6.01,Entertainment & Subscriptions,2024-10-22,6.01
2023-02-01,amzn prime member,-?4.99,Entertainment & Subscriptions,2023-02-01,4.99
"Jul 01, 2024",TESCO EXTRA SWORDS,-?57.95,Groceries,2024-07-01,57.95
07/08/2024,ALDI STORE 2505,?54.42,Groceries,2024-08-07,54.42
05/01/2025,Bord Gais Energy DD,-?133.29,Utilities & Bills,2025-01-05,133.29
2023-11-30,ALDI STORE 8326,58.55 EUR,Groceries,2023-11-30,58.55
2025-01-08,  DUNNES STORES DUNDALK   ,-58.41,Groceries,2025-01-08,58.41
2023-06-03,  SPAR EXPRESS CORK   ,-26.58,Groceries,2023-06-03,26.58
2025.03.02,SHELL PETROL 8502,-?13.45,Transport,2025-03-02,13.45
2024-07-29,tfi leap card topup,?26.86,Transport,2024-07-29,26.86
2023-06-22,Nandos CORK,-56.33,Dining & Takeaway,2023-06-22,56.33
"Jul 20, 2023",Shell Petrol 3497,-?46.25,Transport,2023-07-20,46.25
2024-06-25,AMZN Mktp UK*1348,-60.77,Shopping,2024-06-25,60.77
2024-02-08,  Physiotherapy Care Dublin   ,-?48.96,Health & Fitness,2024-02-08,48.96
2024-09-30,McDonalds DUNDALK,15.61,Dining & Takeaway,2024-09-30,15.61
2024-09-13,PENNEYS PRIMARK KILKENNY,-124.94,Shopping,2024-09-13,124.94
21/12/2024,SPAR EXPRESS KILKENNY,?51.24,Groceries,2024-12-21,51.24
2024-01-11,spar express swords,-?75.58,Groceries,2024-01-11,75.58
22/01/2024,,-?2.40,Transport,2024-01-22,2.4
2024-04-02,DUBLIN BUS 1828,-2.40,Transport,2024-04-02,2.4
"Jul 27, 2024",DUBLIN BUS 1362,-?18.34,Transport,2024-07-27,18.34
2024-02-09,Aldi Store 3190,-?38.45,Groceries,2024-02-09,38.45
2025.06.30,DUBLIN BUS 7111,-34.18,Transport,2025-06-30,34.18
2023-12-14,FREE NOW TAXI DUBLIN,-?14.89,Transport,2023-12-14,14.89
10/01/2025,SuperValu LIMERICK,-76.89,Groceries,2025-01-10,76.89
30/08/2023,TFI Leap Card Topup,-22.73,Transport,2023-08-30,22.73
2024-02-02,DART TICKET MACHINE,-?28.65,Transport,2024-02-02,28.65
"Oct 14, 2024",  Amazon.de Purchase   ,-?79.43,Shopping,2024-10-14,79.43
03/01/2023,Audible UK Monthly,-34.29,Entertainment & Subscriptions,2023-01-03,34.29
2023-04-25,TK MAXX KILKENNY,?58.75,Shopping,2023-04-25,58.75
2025-02-26,Dominos Pizza KILKENNY,6.46 EUR,Dining & Takeaway,2025-02-26,6.46
2023.07.17,zara ireland swords,74.77,Shopping,2023-07-17,74.77
2023-09-13,CIRCLE K DUBLIN,-20.29,Transport,2023-09-13,20.29
22/10/2024,TESCO EXTRA LIMERICK,?61.13,Groceries,2024-10-22,61.13
12/06/2024,Marks & Spencer Food,?45.88,Groceries,2024-06-12,45.88
"May 22, 2024",Starbucks Coffee #4241,?50.12,Dining & Takeaway,2024-05-22,50.12
2025-03-07,JUST EAT 8129,-?3.80,Dining & Takeaway,2025-03-07,3.8
2025-05-21,ALDI IRELAND GMBH,-81.32,Groceries,2025-05-21,81.32
2024.01.16,spar express dundalk,?11.44,Groceries,2024-01-16,11.44
2024-07-18,SPAR EXPRESS DUNDALK,?49.47,Groceries,2024-07-18,49.47
2023-03-11,SPAR EXPRESS GALWAY,-40.68,Groceries,2023-03-11,40.68
2023-01-25,  JUST EAT 4129   ,?44.97,Dining & Takeaway,2023-01-25,44.97
2024-01-22,Aldi Ireland Gmbh,-?66.03,Groceries,2024-01-22,66.03
2023-02-22,Tesco Express,26.94 EUR,Groceries,2023-02-22,26.94
13/08/2023,SPAR EXPRESS DUBLIN,-?103.71,Groceries,2023-08-13,103.71
01/06/2025,circle k cork,-9.20,Transport,2025-06-01,9.2
24/05/2024,Brown Thomas Dublin,-32.86,Shopping,2024-05-24,32.86
"Nov 20, 2024",amazon.de purchase,-126.52,Shopping,2024-11-20,126.52
2025-03-23,DUNNES STORES KILKENNY,-59.48,Groceries,2025-03-23,59.48
2023-11-18,APPLE STORE RETAIL,-?26.28,Shopping,2023-11-18,26.28
2024-11-27,FREE NOW TAXI DUBLIN,-21.87,Transport,2024-11-27,21.87
"Oct 19, 2023",  FREE NOW TAXI DUBLIN   ,-4.38,Transport,2023-10-19,4.38
2024-11-18,Nandos Dublin,?24.37,Dining & Takeaway,2024-11-18,24.37
2024-08-31,  ALDI IRELAND GMBH   ,-67.79,Groceries,2024-08-31,67.79
28/02/2024,FREE NOW TAXI DUBLIN,26.92,Transport,2024-02-28,26.92
2024-09-24,  ALDI IRELAND GMBH   ,33.61,Groceries,2024-09-24,33.61
2023-10-19,McDonalds SWORDS,-?31.73,Dining & Takeaway,2023-10-19,31.73
2024-04-30,ALDI IRELAND GMBH,-114.13,Groceries,2024-04-30,114.13
11/11/2023,  SuperValu SWORDS   ,-?67.16,Groceries,2023-11-11,67.16
2025-06-07,TESCO EXTRA CORK,?98.52,Groceries,2025-06-07,98.52
2023-02-27,Circle K Dundalk,?8.27,Transport,2023-02-27,8.27
22/11/2024,SPAR EXPRESS BRAY,-53.07,Groceries,2024-11-22,53.07
2024-04-22,THE LOCAL PUB & GRILL,-?16.73,Dining & Takeaway,2024-04-22,16.73
08/04/2024,  ALDI STORE 1914   ,-37.77,Groceries,2024-04-08,37.77
2025-01-13,Tesco Store #5661,76.69 EUR,Groceries,2025-01-13,76.69
2024-07-29,DUNNES STORES KILKENNY,-48.79,Groceries,2024-07-29,48.79
2023-07-26,Insomnia Coffee Co,?6.19,Dining & Takeaway,2023-07-26,6.19
28/02/2023,HOTELS.COM RESERVATION,-173.68,Travel,2023-02-28,173.68
2024-05-10,,-90.87,Groceries,2024-05-10,90.87
2023-10-03,ALDI STORE 4744,-82.24,Groceries,2023-10-03,82.24
23/09/2023,ASOS.COM ORDERS,-141.73,Shopping,2023-09-23,141.73
2024-02-26,UBER *TRIP 9173,-21.92,Transport,2024-02-26,21.92
2023-10-29,boots pharmacy galway,-45.16,Shopping,2023-10-29,45.16
"Mar 03, 2025",Applegreen Motorway Services,-?2.40,Transport,2025-03-03,2.4
11/12/2023,FREE NOW TAXI DUBLIN,-8.22,Transport,2023-12-11,8.22
10/10/2023,Council Tax Payment,-117.53,Utilities & Bills,2023-10-10,117.53
2025-01-03,Apple Store Retail,-132.54,Shopping,2025-01-03,132.54
10/06/2024,Playstation Network 2048,-9.08,Entertainment & Subscriptions,2024-06-10,9.08
2024.08.16,DUBLIN BUS 9645,-22.86,Transport,2024-08-16,22.86
2023-01-10,FREE NOW TAXI DUBLIN,-?25.31,Transport,2023-01-10,25.31
2023-02-24,  UBER *TRIP 6087   ,-?32.71,Transport,2023-02-24,32.71
2023-11-11,  Insomnia Coffee Co   ,?28.16,Dining & Takeaway,2023-11-11,28.16
20/09/2024,DELIVEROO.IE *4578,-4.08,Dining & Takeaway,2024-09-20,4.08
2023.08.07,SuperValu DUNDALK,-?44.75,Groceries,2023-08-07,44.75
08/04/2024,SHELL PETROL 6898,14.75 EUR,Transport,2024-04-08,14.75
2025-02-24,Council Tax Payment,-?125.69,Utilities & Bills,2025-02-24,125.69
2023-10-06,lidl ireland,43.07 EUR,Groceries,2023-10-06,43.07
12/10/2024,  Applegreen Motorway Services   ,-40.71,Transport,2024-10-12,40.71
24/02/2025,Decathlon Sports Ireland,?10.00,Shopping,2025-02-24,10.0
2023-10-11,ALDI STORE 8831,-?8.50,Groceries,2023-10-11,8.5
2023-04-10,DUNNES STORES KILKENNY,-?92.43,Groceries,2023-04-10,92.43
2025-02-23,insomnia coffee co,?52.84,Dining & Takeaway,2025-02-23,52.84
2023-08-22,LIDL IRELAND,54.92,Groceries,2023-08-22,54.92
26/08/2024,Audible UK Monthly,-22.27,Entertainment & Subscriptions,2024-08-26,22.27
2025-01-18,Disney Plus Monthly,-?29.54,Entertainment & Subscriptions,2025-01-18,29.54
2024-06-25,PLAYSTATION NETWORK 2565,-31.29,Entertainment & Subscriptions,2024-06-25,31.29
2024-10-07,  TFI Leap Card Topup   ,?40.55,Transport,2024-10-07,40.55
2024-06-27,Brown Thomas Dublin,-56.88,Shopping,2024-06-27,56.88
2025-06-10,  McDonalds CORK   ,-?50.67,Dining & Takeaway,2025-06-10,50.67
2024-02-01,FREE NOW TAXI DUBLIN,?17.60,Transport,2024-02-01,17.6
12/12/2024,youtube premium,-?22.99,Entertainment & Subscriptions,2024-12-12,22.99
2025-05-07,  LIDL IRELAND   ,-84.17,Groceries,2025-05-07,84.17
2025-06-22,dominos pizza bray,-29.32,Dining & Takeaway,2025-06-22,29.32
2024.01.19,AMZN PRIME MEMBER,-10.63,Entertainment & Subscriptions,2024-01-19,10.63
2025.04.28,Tesco Express,-61.73,Groceries,2025-04-28,61.73
11/01/2024,  ASOS.COM ORDERS   ,-?44.38,Shopping,2024-01-11,44.38
2024-04-27,  Tesco Store #8373   ,-110.11,Groceries,2024-04-27,110.11
2024.11.10,SPOTIFY AB 3267 EUR,-30.22,Entertainment & Subscriptions,2024-11-10,30.22
2023-03-14,Starbucks Coffee #7355,,Dining & Takeaway,2023-03-14,73.67
2024.09.27,SuperValu CORK,?105.12,Groceries,2024-09-27,105.12
2023.01.08,irish rail online,?28.65,Transport,2023-01-08,28.65
2023-10-13,IRISH RAIL ONLINE,-42.46,Transport,2023-10-13,42.46
2023-02-14,marks & spencer food,38.47 EUR,Groceries,2023-02-14,38.47
2024.01.06,DUNNES STORES DUBLIN,?52.20,Groceries,2024-01-06,52.2
04/03/2023,penneys primark dublin,57.28 EUR,Shopping,2023-03-04,57.28
"May 15, 2024",Insomnia Coffee Co,?32.75,Dining & Takeaway,2024-05-15,32.75
2024-01-06,DUBLIN BUS 7688,-2.40,Transport,2024-01-06,2.4
"Oct 04, 2023",  CIRCLE K KILKENNY   ,-9.43,Transport,2023-10-04,9.43
2023-04-02,,-29.16,Entertainment & Subscriptions,2023-04-02,29.16
24/05/2024,Youtube Premium,-?31.78,Entertainment & Subscriptions,2024-05-24,31.78
"Mar 28, 2023",  Applegreen Motorway Services   ,33.56,Transport,2023-03-28,33.56
2023.11.27,Starbucks Coffee #5673,-9.53,Dining & Takeaway,2023-11-27,9.53
2023-08-27,Dominos Pizza BRAY,-?44.83,Dining & Takeaway,2023-08-27,44.83
2023-04-27,DUBLIN BUS 9536,?2.40,Transport,2023-04-27,2.4
2023-06-16,penneys primark dublin,-?128.68,Shopping,2023-06-16,128.68
2025-02-01,Boojum Burrito KILKENNY,-29.94,Dining & Takeaway,2025-02-01,29.94
02/01/2023,Boots Healthcare KILKENNY,-?19.69,Health & Fitness,2023-01-02,19.69
2025-01-14,asos.com orders,-176.06,Shopping,2025-01-14,176.06
07/02/2025,Bord Gais Energy DD,-?142.70,Utilities & Bills,2025-02-07,142.7
2023.05.07,odeon cinemas galway,?28.62,Entertainment & Subscriptions,2023-05-07,28.62
2025-06-07,Tesco Store #6775,-28.56,Groceries,2025-06-07,28.56
2023-07-14,Tesco Express,-57.15,Groceries,2023-07-14,57.15
17/11/2023,APPLE.COM/BILL,-?4.99,Entertainment & Subscriptions,2023-11-17,4.99
19/05/2024,Starbucks Coffee #8901,-25.63,Dining & Takeaway,2024-05-19,25.63
2025-04-01,PENNEYS PRIMARK BRAY,?53.00,Shopping,2025-04-01,53.0
2024-09-24,  DUNNES STORES DUBLIN   ,-8.50,Groceries,2024-09-24,8.5
2024-01-26,Brown Thomas Dublin,43.40,Shopping,2024-01-26,43.4
2024-08-13,Netflix.com monthly,?7.37,Entertainment & Subscriptions,2024-08-13,7.37
2024-03-01,Boojum Burrito KILKENNY,-?4.74,Dining & Takeaway,2024-03-01,4.74
2023-10-26,,-?19.30,Groceries,2023-10-26,19.3
22/06/2024,FREE NOW TAXI DUBLIN,-?29.92,Transport,2024-06-22,29.92
05/04/2025,Zara Ireland Limerick,?10.00,Shopping,2025-04-05,10.0
17/08/2023,leap card auto topup,-?25.95,Transport,2023-08-17,25.95
2023-12-22,LEAP CARD AUTO TOPUP,-20.41,Transport,2023-12-22,20.41
2023-03-12,Tesco Express,-35.18,Groceries,2023-03-12,35.18
2025-03-02,Boojum Burrito Bray,-55.83,Dining & Takeaway,2025-03-02,55.83
2023-02-14,Aldi Store 8275,-95.52,Groceries,2023-02-14,95.52
2024-09-08,  APPLE STORE RETAIL   ,-68.72,Shopping,2024-09-08,68.72
2023-10-24,marks & spencer food,?88.60,Groceries,2023-10-24,88.6
2025-02-22,Marks & Spencer Food,?65.23,Groceries,2025-02-22,65.23
2025-05-26,DAA DUTY FREE,-?186.47,Travel,2025-05-26,186.47
2023-04-27,Lidl 8434 KILKENNY,-?53.37,Groceries,2023-04-27,53.37
2023-10-29,TESCO EXTRA DUNDALK,-63.25,Groceries,2023-10-29,63.25
2025.04.11,Insomnia Coffee Co,-23.96,Dining & Takeaway,2025-04-11,23.96
2024-02-21,Gourmet Burger Kitchen,?5.99,Dining & Takeaway,2024-02-21,5.99
2024-02-11,Netflix.com monthly,-5.87,Entertainment & Subscriptions,2024-02-11,5.87
2023-06-11,,51.62 EUR,Groceries,2023-06-11,51.62
"Aug 10, 2023",LEAP CARD AUTO TOPUP,-2.40,Transport,2023-08-10,2.4
2023-08-26,Starbucks Coffee #3607,?31.98,Dining & Takeaway,2023-08-26,31.98
2025-03-05,Lidl Ireland,-75.02,Groceries,2025-03-05,75.02
2025-01-06,irish rail online,-?31.65,Transport,2025-01-06,31.65
2023.08.16,,-68.03,Groceries,2023-08-16,68.03
2024-12-24,Tesco Store #7515,-67.17,Groceries,2024-12-24,67.17
2025.03.08,Costa Coffee DUNDALK,-?4.45,Dining & Takeaway,2025-03-08,4.45
28/10/2024,  BOOTS PHARMACY KILKENNY   ,-?139.60,Shopping,2024-10-28,139.6
"Aug 17, 2023",Dublin Bus 7165,-?30.12,Transport,2023-08-17,30.12
"Aug 10, 2023",Supervalu Limerick,?8.50,Groceries,2023-08-10,8.5
2023.06.09,  CIRCLE K BRAY   ,-?37.99,Transport,2023-06-09,37.99
2023-02-20,Insomnia Coffee Co,3.80 EUR,Dining & Takeaway,2023-02-20,3.8
"Jan 17, 2024",DUNNES STORES KILKENNY,-79.78,Groceries,2024-01-17,79.78
29/02/2024,marks & spencer food,?48.09,Groceries,2024-02-29,48.09
"Apr 20, 2023",McDonalds CORK,28.12 EUR,Dining & Takeaway,2023-04-20,28.12
2025-02-23,FREE NOW TAXI DUBLIN,-2.40,Transport,2025-02-23,2.4
2025-06-25,DART TICKET MACHINE,-?2.40,Transport,2025-06-25,2.4
2023-03-02,tesco store #9896,-46.32,Groceries,2023-03-02,46.32
2023.07.04,Dominos Pizza LIMERICK,-?24.18,Dining & Takeaway,2023-07-04,24.18
"May 11, 2024",TK MAXX DUBLIN,-72.03,Shopping,2024-05-11,72.03
2024-11-13,SHELL PETROL 8795,-22.10,Transport,2024-11-13,22.1
2023-09-07,Costa Coffee LIMERICK,-?3.80,Dining & Takeaway,2023-09-07,3.8
2023-07-08,dominos pizza kilkenny,-5.18,Dining & Takeaway,2023-07-08,5.18
01/06/2024,nandos galway,49.30,Dining & Takeaway,2024-06-01,49.3
2025-01-03,SPOTIFY AB 7544 EUR,?4.99,Entertainment & Subscriptions,2025-01-03,4.99
19/05/2024,  Insomnia Coffee Co   ,-40.38,Dining & Takeaway,2024-05-19,40.38
"Jan 22, 2024",IRISH RAIL ONLINE,-?2.40,Transport,2024-01-22,2.4
2023-07-06,  McDonalds DUBLIN   ,-?16.74,Dining & Takeaway,2023-07-06,16.74
11/06/2023,nandos bray,-?4.55,Dining & Takeaway,2023-06-11,4.55
"Jan 24, 2023",marks & spencer food,-?55.46,Groceries,2023-01-24,55.46
2023-05-24,Circle K Galway,2.40 EUR,Transport,2023-05-24,2.4
2024-12-23,Tesco Store #7034,-118.69,Groceries,2024-12-23,118.69
2025-01-30,APPLE STORE RETAIL,49.78,Shopping,2025-01-30,49.78
"Apr 26, 2023",BOOTS PHARMACY CORK,-?102.80,Shopping,2023-04-26,102.8
"Feb 19, 2023",Supervalu Dundalk,-60.00,Groceries,2023-02-19,60.0
23/07/2024,spar express dublin,-?94.85,Groceries,2024-07-23,94.85
"Aug 04, 2024",AMZN PRIME MEMBER,29.09 EUR,Entertainment & Subscriptions,2024-08-04,29.09
2025.01.10,tesco express,-?43.99,Groceries,2025-01-10,43.99
15/10/2023,Costa Coffee DUBLIN,26.33,Dining & Takeaway,2023-10-15,26.33
03/05/2024,Tesco Store #9847,-58.67,Groceries,2024-05-03,58.67
28/08/2023,TESCO EXTRA DUNDALK,-57.22,Groceries,2023-08-28,57.22
2023-11-23,DUNNES STORES KILKENNY,-25.87,Groceries,2023-11-23,25.87
2023.04.04,McDonalds BRAY,-?28.31,Dining & Takeaway,2023-04-04,28.31
2023-02-21,  Dentist Clinic Dublin   ,-36.67,Health & Fitness,2023-02-21,36.67
"Oct 17, 2024",dominos pizza dublin,12.36,Dining & Takeaway,2024-10-17,12.36
27/06/2025,sky ireland tv & broadband,70.88,Utilities & Bills,2025-06-27,70.88
2023-09-25,McDonalds LIMERICK,-?27.12,Dining & Takeaway,2023-09-25,27.12
2024-08-11,DUNNES STORES BRAY,-?25.68,Groceries,2024-08-11,25.68
2023-05-15,  UBER *TRIP 6646   ,-2.96,Transport,2023-05-15,2.96
2023.09.20,  ODEON CINEMAS LIMERICK   ,14.32,Entertainment & Subscriptions,2023-09-20,14.32
2023-12-05,Costa Coffee DUBLIN,4.83,Dining & Takeaway,2023-12-05,4.83
2023-12-27,spar express cork,-?89.56,Groceries,2023-12-27,89.56
2023-05-02,youtube premium,-16.55,Entertainment & Subscriptions,2023-05-02,16.55
2024-11-09,FREE NOW TAXI DUBLIN,-5.13,Transport,2024-11-09,5.13
25/05/2025,DELIVEROO.IE *1461,-35.40,Dining & Takeaway,2025-05-25,35.4
2023-07-03,Physiotherapy Care Dublin,?56.80,Health & Fitness,2023-07-03,56.8
16/11/2023,  Brown Thomas Dublin   ,?202.52,Shopping,2023-11-16,202.52
2024-08-14,IKEA DUBLIN STORE,-111.22,Shopping,2024-08-14,111.22
2024-02-23,Tesco Store #1043,-93.38,Groceries,2024-02-23,93.38
2024-02-08,Lidl 4026 SWORDS,-?41.03,Groceries,2024-02-08,41.03
2025-01-16,Netflix.com monthly,23.71,Entertainment & Subscriptions,2025-01-16,23.71
2024-10-23,ASOS.COM ORDERS,-126.99,Shopping,2024-10-23,126.99
2023-01-28,  LEAP CARD AUTO TOPUP   ,-9.11,Transport,2023-01-28,9.11
16/03/2024,Tesco Express,-?42.98,Groceries,2024-03-16,42.98
2024-10-04,Dunnes Stores Kilkenny,-?8.50,Groceries,2024-10-04,8.5
10/03/2023,DISNEY PLUS MONTHLY,-4.99,Entertainment & Subscriptions,2023-03-10,4.99
"Apr 25, 2023",FLYEfit Gym Monthly DD,-?51.05,Health & Fitness,2023-04-25,51.05
2024-02-10,Applegreen Motorway Services,8.37,Transport,2024-02-10,8.37
22/02/2025,PLAYSTATION NETWORK 2857,-?11.27,Entertainment & Subscriptions,2025-02-22,11.27
08/04/2023,Dublin Airport Parking,-?424.55,Travel,2023-04-08,424.55
2025-02-06,DUBLIN BUS 9447,4.74 EUR,Transport,2025-02-06,4.74
2025-01-23,JUST EAT 2677,30.43 EUR,Dining & Takeaway,2025-01-23,30.43
02/01/2023,dominos pizza bray,-24.07,Dining & Takeaway,2023-01-02,24.07
2025-02-20,costa coffee galway,?51.41,Dining & Takeaway,2025-02-20,51.41
"May 09, 2023",FLYEfit Gym Monthly DD,25.59,Health & Fitness,2023-05-09,25.59
29/06/2025,DUNNES STORES KILKENNY,-31.62,Groceries,2025-06-29,31.62
30/12/2023,Nandos DUNDALK,-6.50,Dining & Takeaway,2023-12-30,6.5
2024-04-22,DISNEY PLUS MONTHLY,-?7.66,Entertainment & Subscriptions,2024-04-22,7.66
"Dec 29, 2023",  Nandos DUNDALK   ,-37.92,Dining & Takeaway,2023-12-29,37.92
2023-03-29,uber *trip 8506,-?27.93,Transport,2023-03-29,27.93
18/04/2024,  LEAP CARD AUTO TOPUP   ,-60.12,Transport,2024-04-18,60.12
2024-02-10,spar express bray,-31.55,Groceries,2024-02-10,31.55
2025-02-15,ODEON CINEMAS KILKENNY,14.17,Entertainment & Subscriptions,2025-02-15,14.17
2024-07-07,DUNNES STORES DUBLIN,-90.10,Groceries,2024-07-07,90.1
2025-01-07,DUNNES STORES DUNDALK,59.09,Groceries,2025-01-07,59.09
2023-11-09,LEAP CARD AUTO TOPUP,-?11.01,Transport,2023-11-09,11.01
2024-09-02,free now taxi dublin,-23.91,Transport,2024-09-02,23.91
2023-04-06,Aldi Ireland Gmbh,-?87.47,Groceries,2023-04-06,87.47
2024-03-03,lidl ireland,?65.70,Groceries,2024-03-03,65.7
2023-01-27,DART TICKET MACHINE,-2.40,Transport,2023-01-27,2.4
2025-02-15,TESCO EXTRA LIMERICK,-34.84,Groceries,2025-02-15,34.84
06/08/2023,decathlon sports ireland,-?56.80,Shopping,2023-08-06,56.8
"Jan 30, 2023",Boojum Burrito Bray,-33.66,Dining & Takeaway,2023-01-30,33.66
27/07/2023,just eat 6058,-23.65,Dining & Takeaway,2023-07-27,23.65
2023-11-05,  PLAYSTATION NETWORK 4483   ,-19.20,Entertainment & Subscriptions,2023-11-05,19.2
2024-07-25,just eat 6937,17.33,Dining & Takeaway,2024-07-25,17.33
"Sep 06, 2023",Amazon.de Purchase,-135.70,Shopping,2023-09-06,135.7
27/06/2025,AIRBNB * 8301,169.15,Travel,2025-06-27,169.15
2023-12-14,tesco express,-114.03,Groceries,2023-12-14,114.03
2024-01-10,Starbucks Coffee #1096,-45.36,Dining & Takeaway,2024-01-10,45.36
"Mar 21, 2023",Nandos DUNDALK,-479.32,Dining & Takeaway,2023-03-21,479.32
2024-04-27,DUNNES STORES DUNDALK,-50.08,Groceries,2024-04-27,50.08
2024-09-15,youtube premium,-?9.70,Entertainment & Subscriptions,2024-09-15,9.7
2023-08-20,Marks & Spencer Food,-31.57,Groceries,2023-08-20,31.57
"Mar 14, 2024",PLAYSTATION NETWORK 3563,-?28.41,Entertainment & Subscriptions,2024-03-14,28.41
2024-10-04,SHELL PETROL 6742,-2.76,Transport,2024-10-04,2.76
2024-04-11,JUST EAT 3930,-?23.52,Dining & Takeaway,2024-04-11,23.52
2024-09-24,PENNEYS PRIMARK DUNDALK,72.53 EUR,Shopping,2024-09-24,72.53
"Mar 14, 2023",spar express galway,-?48.61,Groceries,2023-03-14,48.61
2023-04-01,  PENNEYS PRIMARK CORK   ,-?788.57,Shopping,2023-04-01,788.57
"May 19, 2023",Starbucks Coffee #7452,-12.42,Dining & Takeaway,2023-05-19,12.42
07/12/2023,Netflix.Com Monthly,-?12.17,Entertainment & Subscriptions,2023-12-07,12.17
07/04/2023,ODEON CINEMAS KILKENNY,35.37,Entertainment & Subscriptions,2023-04-07,35.37
2025.02.22,ALDI STORE 3338,-43.23,Groceries,2025-02-22,43.23
18/01/2023,Applegreen Motorway Services,-9.79,Transport,2023-01-18,9.79
2024-08-19,IRISH RAIL ONLINE,-2.40,Transport,2024-08-19,2.4
19/06/2023,Dominos Pizza GALWAY,?40.64,Dining & Takeaway,2023-06-19,40.64
2024-02-22,Audible UK Monthly,-4.99,Entertainment & Subscriptions,2024-02-22,4.99
"Feb 17, 2023",Lidl 1400 GALWAY,-61.07,Groceries,2023-02-17,61.07
2023-09-17,insomnia coffee co,-?10.68,Dining & Takeaway,2023-09-17,10.68
2023-04-20,  BOOTS PHARMACY GALWAY   ,121.44,Shopping,2023-04-20,121.44
2023.05.04,brown thomas dublin,185.82,Shopping,2023-05-04,185.82
28/07/2024,DELIVEROO.IE *9528,-?5.10,Dining & Takeaway,2024-07-28,5.1
22/02/2025,TESCO EXTRA DUNDALK,-?8.50,Groceries,2025-02-22,8.5
25/05/2025,Boojum Burrito DUBLIN,-?48.30,Dining & Takeaway,2025-05-25,48.3
2025.03.17,ZARA IRELAND DUBLIN,41.31,Shopping,2025-03-17,41.31
2024-07-09,Aldi Ireland Gmbh,-18.87,Groceries,2024-07-09,18.87
2025-01-23,JUST EAT 2677,30.43 EUR,Dining & Takeaway,2025-01-23,30.43
2025-04-10,Marks & Spencer Food,-42.74,Groceries,2025-04-10,42.74
2023-06-25,  SPAR EXPRESS KILKENNY   ,-72.21,Groceries,2023-06-25,72.21
14/05/2024,VIRGIN MEDIA IRELAND,-?150.35,Utilities & Bills,2024-05-14,150.35
2024-05-04,  Costa Coffee BRAY   ,64.29 EUR,Dining & Takeaway,2024-05-04,64.29
2025-03-24,holland & barrett bray,-?41.06,Health & Fitness,2025-03-24,41.06
2025-05-04,CIRCLE K KILKENNY,-9.25,Transport,2025-05-04,9.25
2023-07-24,LEAP CARD AUTO TOPUP,-?2.40,Transport,2023-07-24,2.4
2024-01-19,Boojum Burrito Limerick,-47.03,Dining & Takeaway,2024-01-19,47.03
2023-02-03,  SPAR EXPRESS BRAY   ,?14.65,Groceries,2023-02-03,14.65
2023-05-11,AER LINGUS DUBLIN,25.00,Travel,2023-05-11,25.0
"Mar 01, 2025",DUNNES STORES GALWAY,-45.96,Groceries,2025-03-01,45.96
20/02/2023,APPLE.COM/BILL,-33.25,Entertainment & Subscriptions,2023-02-20,33.25
2025-06-17,  McDonalds LIMERICK   ,-225.71,Dining & Takeaway,2025-06-17,225.71
2023-12-01,  Gourmet Burger Kitchen   ,?36.20,Dining & Takeaway,2023-12-01,36.2
2023-06-29,costa coffee kilkenny,?3.80,Dining & Takeaway,2023-06-29,3.8
23/08/2024,Boojum Burrito GALWAY,-3.80,Dining & Takeaway,2024-08-23,3.8
2025-05-08,THE LOCAL PUB & GRILL,-34.82,Dining & Takeaway,2025-05-08,34.82
2024-04-19,TESCO EXTRA DUBLIN,?112.03,Groceries,2024-04-19,112.03
12/12/2023,SPAR EXPRESS BRAY,81.42,Groceries,2023-12-12,81.42
"Sep 09, 2023",  Netflix.com monthly   ,-19.67,Entertainment & Subscriptions,2023-09-09,19.67
02/05/2024,DUNNES STORES KILKENNY,-?44.73,Groceries,2024-05-02,44.73
2023-12-12,APPLE.COM/BILL,-4.99,Entertainment & Subscriptions,2023-12-12,4.99
2024.02.27,free now taxi dublin,-24.41,Transport,2024-02-27,24.41
2024-08-23,boojum burrito dublin,?15.19,Dining & Takeaway,2024-08-23,15.19
2024.10.06,Steam Games Purchase,38.49,Entertainment & Subscriptions,2024-10-06,38.49
2024-01-23,dominos pizza cork,53.61,Dining & Takeaway,2024-01-23,53.61
2024-09-16,  DUNNES STORES CORK   ,-?60.38,Groceries,2024-09-16,60.38
2025-03-01,Aldi Store 4566,-62.89,Groceries,2025-03-01,62.89
2023-05-12,AMZN Mktp UK*6226,-?10.00,Shopping,2023-05-12,10.0
2024-11-22,Dentist Clinic Dublin,?12.00,Health & Fitness,2024-11-22,12.0
2023-01-05,VODAFONE BILL PAY,35.00,Utilities & Bills,2023-01-05,35.0
2023-10-21,Applegreen Motorway Services,-2.40,Transport,2023-10-21,2.4
2024.01.16,TFI Leap Card Topup,3.99,Transport,2024-01-16,3.99
2023-08-09,LIDL IRELAND,-?48.23,Groceries,2023-08-09,48.23
"May 01, 2024",Zara Ireland Galway,-51.00,Shopping,2024-05-01,51.0
2023-06-13,Sky Ireland TV & Broadband,-189.03,Utilities & Bills,2023-06-13,189.03
2023-12-16,Marks & Spencer Food,-123.65,Groceries,2023-12-16,123.65
2023-07-18,IRISH RAIL ONLINE,-?19.23,Transport,2023-07-18,19.23
03/06/2025,Audible UK Monthly,-29.69,Entertainment & Subscriptions,2025-06-03,29.69
2023.08.10,Uber *Trip 2002,-?12.24,Transport,2023-08-10,12.24
31/08/2023,SuperValu GALWAY,-8.50,Groceries,2023-08-31,8.5
2024-04-01,ODEON CINEMAS CORK,-?22.66,Entertainment & Subscriptions,2024-04-01,22.66
2024-11-21,,-70.41,Shopping,2024-11-21,70.41
2025-06-02,APPLE.COM/BILL,-4.99,Entertainment & Subscriptions,2025-06-02,4.99
"Sep 09, 2023",SPAR EXPRESS LIMERICK,,Groceries,2023-09-09,15.69
26/09/2024,  Tesco Express   ,?35.68,Groceries,2024-09-26,35.68
2025-05-19,Nandos LIMERICK,-5.24,Dining & Takeaway,2025-05-19,5.24
01/12/2023,UBER *TRIP 4889,-14.65,Transport,2023-12-01,14.65
14/03/2024,leap card auto topup,-34.06,Transport,2024-03-14,34.06
2024-01-01,UBER *TRIP 9422,-?23.29,Transport,2024-01-01,23.29
"Jan 10, 2024",Insomnia Coffee Co,39.93,Dining & Takeaway,2024-01-10,39.93
2024-12-14,,-8.68,Dining & Takeaway,2024-12-14,8.68
2024-02-01,  FREE NOW TAXI DUBLIN   ,-19.16,Transport,2024-02-01,19.16
2023-11-19,Costa Coffee Limerick,5.63 EUR,Dining & Takeaway,2023-11-19,5.63
2023-10-28,Insomnia Coffee Co,-10.88,Dining & Takeaway,2023-10-28,10.88
2025-03-31,Apple Store Retail,-?10.00,Shopping,2025-03-31,10.0
2023-06-23,  Tesco Store #6139   ,-75.81,Groceries,2023-06-23,75.81
2025-05-01,PLAYSTATION NETWORK 9643,-?4.99,Entertainment & Subscriptions,2025-05-01,4.99
15/02/2023,Lidl Ireland,?29.16,Groceries,2023-02-15,29.16
2024-11-03,  DUNNES STORES DUNDALK   ,21.14 EUR,Groceries,2024-11-03,21.14
13/04/2025,  Costa Coffee GALWAY   ,-38.61,Dining & Takeaway,2025-04-13,38.61
2024-06-20,YOUTUBE PREMIUM,-9.89,Entertainment & Subscriptions,2024-06-20,9.89
2023.06.06,DUNNES STORES BRAY,106.29 EUR,Groceries,2023-06-06,106.29
20/01/2023,lidl ireland,124.05,Groceries,2023-01-20,124.05
2023-03-07,  FREE NOW TAXI DUBLIN   ,,Transport,2023-03-07,16.35
21/09/2023,Gourmet Burger Kitchen,-3.80,Dining & Takeaway,2023-09-21,3.8
2023-11-02,,-?8.50,Groceries,2023-11-02,8.5
2024-09-24,costa coffee dublin,-?61.35,Dining & Takeaway,2024-09-24,61.35
03/07/2024,Lidl 2433 DUBLIN,31.87,Groceries,2024-07-03,31.87
07/03/2024,insomnia coffee co,?4.14,Dining & Takeaway,2024-03-07,4.14
"Nov 16, 2023",deliveroo.ie *7708,-?25.22,Dining & Takeaway,2023-11-16,25.22
2023.09.06,McDonalds BRAY,23.12 EUR,Dining & Takeaway,2023-09-06,23.12
02/03/2024,applegreen motorway services,?10.78,Transport,2024-03-02,10.78
2024-08-22,Lidl Ireland,-?14.42,Groceries,2024-08-22,14.42
2024-08-31,Starbucks Coffee #1405,30.84 EUR,Dining & Takeaway,2024-08-31,30.84
"Mar 21, 2024",FLYEfit Gym Monthly DD,-?22.00,Health & Fitness,2024-03-21,22.0
17/08/2023,Starbucks Coffee #9124,-3.80,Dining & Takeaway,2023-08-17,3.8
28/04/2025,THE LOCAL PUB & GRILL,-?29.81,Dining & Takeaway,2025-04-28,29.81
"Mar 01, 2025",boojum burrito limerick,-24.87,Dining & Takeaway,2025-03-01,24.87
2023-11-22,booking.com hotel,-?319.66,Travel,2023-11-22,319.66
2023-07-27,Amazon.de Purchase,113.62,Shopping,2023-07-27,113.62
2025-03-11,marks & spencer food,-41.85,Groceries,2025-03-11,41.85
2024-06-24,CIRCLE K GALWAY,-2.40,Transport,2024-06-24,2.4
2023-10-20,Applegreen Motorway Services,-32.07,Transport,2023-10-20,32.07
2023-05-04,Insomnia Coffee Co,?19.41,Dining & Takeaway,2023-05-04,19.41
2024-04-25,Netflix.com monthly,34.72,Entertainment & Subscriptions,2024-04-25,34.72
2024-06-16,  TESCO EXTRA GALWAY   ,?73.25,Groceries,2024-06-16,73.25
2024-09-19,Irish Water Direct Debit,,Utilities & Bills,2024-09-19,122.36
2023-01-10,  Gourmet Burger Kitchen   ,15.30 EUR,Dining & Takeaway,2023-01-10,15.3
2024-04-15,Costa Coffee KILKENNY,?30.24,Dining & Takeaway,2024-04-15,30.24
"Dec 21, 2024",Costa Coffee GALWAY,?52.21,Dining & Takeaway,2024-12-21,52.21
15/02/2023,  Gourmet Burger Kitchen   ,-16.42,Dining & Takeaway,2023-02-15,16.42
2025-04-24,  Irish Water Direct Debit   ,-176.56,Utilities & Bills,2025-04-24,176.56
2024-08-21,  Nandos DUNDALK   ,45.47,Dining & Takeaway,2024-08-21,45.47
"Mar 09, 2024",Netflix.com monthly,-?14.01,Entertainment & Subscriptions,2024-03-09,14.01
18/03/2023,shell petrol 3933,-11.13,Transport,2023-03-18,11.13
2024-09-07,TESCO EXTRA CORK,-?22.30,Groceries,2024-09-07,22.3
2024-10-14,UBER *TRIP 8356,-34.01,Transport,2024-10-14,34.01
2023-04-27,  Decathlon Sports Ireland   ,30.72,Shopping,2023-04-27,30.72
26/08/2024,lidl 3314 dublin,-36.65,Groceries,2024-08-26,36.65
14/09/2023,  McDonalds CORK   ,?26.25,Dining & Takeaway,2023-09-14,26.25
06/06/2025,Applegreen Motorway Services,-41.43,Transport,2025-06-06,41.43
21/05/2023,  Holland & Barrett LIMERICK   ,-?79.05,Health & Fitness,2023-05-21,79.05
"Dec 01, 2023",amzn prime member,-9.07,Entertainment & Subscriptions,2023-12-01,9.07
2023-06-29,SuperValu BRAY,-8.50,Groceries,2023-06-29,8.5
2024-09-28,,?8.50,Groceries,2024-09-28,8.5
"Oct 09, 2024",JUST EAT 7126,43.90 EUR,Dining & Takeaway,2024-10-09,43.9
2023-09-13,SHELL PETROL 5245,25.60,Transport,2023-09-13,25.6
2023-07-13,SuperValu GALWAY,?69.75,Groceries,2023-07-13,69.75
2024-01-05,DUBLIN BUS 1994,-2.40,Transport,2024-01-05,2.4
2023-04-09,Nandos GALWAY,-?8.17,Dining & Takeaway,2023-04-09,8.17
2024-12-21,  THE LOCAL PUB & GRILL   ,-12.72,Dining & Takeaway,2024-12-21,12.72
06/12/2023,Tesco Store #3134,-?96.45,Groceries,2023-12-06,96.45
29/11/2024,electric ireland dd,35.23,Utilities & Bills,2024-11-29,35.23
2024.06.19,boojum burrito cork,-42.11,Dining & Takeaway,2024-06-19,42.11
2023-09-24,Boots Healthcare DUBLIN,-?46.36,Health & Fitness,2023-09-24,46.36
2024-11-09,YOUTUBE PREMIUM,-?77.11,Entertainment & Subscriptions,2024-11-09,77.11
2024-01-02,  Sky Ireland TV & Broadband   ,?51.93,Utilities & Bills,2024-01-02,51.93
2023-04-06,DUNNES STORES BRAY,41.03,Groceries,2023-04-06,41.03
"Jun 08, 2024",DUNNES STORES KILKENNY,33.10,Groceries,2024-06-08,33.1
"Oct 08, 2023",the local pub & grill,-?44.05,Dining & Takeaway,2023-10-08,44.05
15/06/2024,Audible UK Monthly,?16.11,Entertainment & Subscriptions,2024-06-15,16.11
24/06/2025,Netflix.com monthly,-15.96,Entertainment & Subscriptions,2025-06-24,15.96
10/08/2024,THE LOCAL PUB & GRILL,-?37.89,Dining & Takeaway,2024-08-10,37.89
2024-11-10,CIRCLE K LIMERICK,-9.18,Transport,2024-11-10,9.18
17/06/2023,FREE NOW TAXI DUBLIN,-?28.86,Transport,2023-06-17,28.86
2024-05-22,Tesco Store #5680,-?89.28,Groceries,2024-05-22,89.28
13/02/2024,  LIDL IRELAND   ,-21.73,Groceries,2024-02-13,21.73
2024-11-06,IRISH RAIL ONLINE,-?7.41,Transport,2024-11-06,7.41
2024-08-14,Tesco Store #9633,-67.22,Groceries,2024-08-14,67.22
2023.12.20,  IRISH RAIL ONLINE   ,-?48.18,Transport,2023-12-20,48.18
2024-09-10,starbucks coffee #6099,?24.78,Dining & Takeaway,2024-09-10,24.78
11/04/2023,Tesco Express,-38.70,Groceries,2023-04-11,38.7
2024-01-14,  TESCO EXTRA GALWAY   ,51.74 EUR,Groceries,2024-01-14,51.74
2024.11.23,Council Tax Payment,-35.00,Utilities & Bills,2024-11-23,35.0
13/05/2025,SHELL PETROL 3978,-?38.40,Transport,2025-05-13,38.4
2023-02-04,TESCO EXTRA CORK,-78.34,Groceries,2023-02-04,78.34
2024.05.19,Starbucks Coffee #9892,-26.74,Dining & Takeaway,2024-05-19,26.74
2025-01-25,Lidl 1817 CORK,?58.31,Groceries,2025-01-25,58.31
07/02/2025,Lidl 6518 SWORDS,-30.94,Groceries,2025-02-07,30.94
2024.05.22,nandos dundalk,-24.09,Dining & Takeaway,2024-05-22,24.09
"Apr 17, 2024",ALDI IRELAND GMBH,26.69 EUR,Groceries,2024-04-17,26.69
2024-01-16,TESCO EXTRA LIMERICK,62.29,Groceries,2024-01-16,62.29
2025-04-16,ALDI STORE 7352,-42.15,Groceries,2025-04-16,42.15
2025-03-26,  Amazon.de Purchase   ,130.69,Shopping,2025-03-26,130.69
2023-07-16,VIRGIN MEDIA IRELAND,-52.10,Utilities & Bills,2023-07-16,52.1
2023-04-24,ALDI STORE 9278,-?23.88,Groceries,2023-04-24,23.88
"Jun 22, 2024",  TESCO EXTRA LIMERICK   ,-?53.60,Groceries,2024-06-22,53.6
2024-05-02,JUST EAT 6706,-35.92,Dining & Takeaway,2024-05-02,35.92
2023-12-04,BOOTS PHARMACY LIMERICK,-?50.42,Shopping,2023-12-04,50.42
2023-08-07,THE LOCAL PUB & GRILL,-42.75,Dining & Takeaway,2023-08-07,42.75
04/02/2025,Marks & Spencer Food,-?36.44,Groceries,2025-02-04,36.44
2023-03-18,  Gym Plus Membership   ,64.28 EUR,Health & Fitness,2023-03-18,64.28
2023-09-21,  APPLE.COM/BILL   ,?10.46,Entertainment & Subscriptions,2023-09-21,10.46
2023.02.16,Applegreen Motorway Services,14.25,Transport,2023-02-16,14.25
2025-03-31,marks & spencer food,-42.11,Groceries,2025-03-31,42.11
2025-06-29,Tesco Express,-16.70,Groceries,2025-06-29,16.7
2025-04-11,Applegreen Motorway Services,-?27.35,Transport,2025-04-11,27.35
02/03/2025,  FREE NOW TAXI DUBLIN   ,-?19.23,Transport,2025-03-02,19.23
2024-09-20,Applegreen Motorway Services,-59.63,Transport,2024-09-20,59.63
2024-02-10,Starbucks Coffee #5152,?25.82,Dining & Takeaway,2024-02-10,25.82
2024-05-06,Insomnia Coffee Co,?45.94,Dining & Takeaway,2024-05-06,45.94
03/09/2023,Lidl 5105 KILKENNY,-107.64,Groceries,2023-09-03,107.64
13/03/2023,ALDI STORE 8218,-44.47,Groceries,2023-03-13,44.47
"Apr 18, 2024",Marks & Spencer Food,-?87.89,Groceries,2024-04-18,87.89
2025-03-23,Dunnes Stores Limerick,-8.50,Groceries,2025-03-23,8.5
2024-01-01,TK MAXX SWORDS,-91.15,Shopping,2024-01-01,91.15
2023-05-19,circle k cork,21.55 EUR,Transport,2023-05-19,21.55
"Mar 16, 2025",Nandos GALWAY,-5.26,Dining & Takeaway,2025-03-16,5.26
2023-08-13,tesco extra bray,-57.42,Groceries,2023-08-13,57.42
2024-02-10,Irish Water Direct Debit,-119.42,Utilities & Bills,2024-02-10,119.42
04/12/2023,Tesco Express,-61.54,Groceries,2023-12-04,61.54
2025-03-22,Insomnia Coffee Co,-49.00,Dining & Takeaway,2025-03-22,49.0
2024-07-20,Boots Healthcare CORK,-42.03,Health & Fitness,2024-07-20,42.03
2023-03-06,  CIRCLE K DUBLIN   ,-?32.14,Transport,2023-03-06,32.14
2023.12.09,YOUTUBE PREMIUM,-?12.30,Entertainment & Subscriptions,2023-12-09,12.3
2023-02-07,LIDL IRELAND,36.78,Groceries,2023-02-07,36.78
2024-12-15,IRISH RAIL ONLINE,-?2.40,Transport,2024-12-15,2.4
27/06/2024,SPAR EXPRESS DUBLIN,-33.87,Groceries,2024-06-27,33.87
2024.06.23,Marks & Spencer Food,?8.50,Groceries,2024-06-23,8.5
2024-09-22,  Applegreen Motorway Services   ,-32.39,Transport,2024-09-22,32.39
2024-07-07,Puregym Direct Debit,-39.32,Health & Fitness,2024-07-07,39.32
2025-03-14,Boojum Burrito LIMERICK,-?9.77,Dining & Takeaway,2025-03-14,9.77
20/06/2025,DAA DUTY FREE,-360.96,Travel,2025-06-20,360.96
2024-07-30,Applegreen Motorway Services,?8.40,Transport,2024-07-30,8.4
2025.02.16,TESCO EXTRA SWORDS,?21.02,Groceries,2025-02-16,21.02
2023-01-05,tfi leap card topup,-?16.23,Transport,2023-01-05,16.23
2025-05-16,  Gourmet Burger Kitchen   ,-?19.11,Dining & Takeaway,2025-05-16,19.11
01/09/2024,DART TICKET MACHINE,-46.92,Transport,2024-09-01,46.92
"Apr 21, 2025",dunnes stores galway,-?38.36,Groceries,2025-04-21,38.36
2024.09.30,DUBLIN BUS 2717,-?16.70,Transport,2024-09-30,16.7
2024-11-20,Boots Healthcare LIMERICK,-43.78,Health & Fitness,2024-11-20,43.78
01/07/2024,steam games purchase,9.58 EUR,Entertainment & Subscriptions,2024-07-01,9.58
2023-12-02,YOUTUBE PREMIUM,-22.14,Entertainment & Subscriptions,2023-12-02,22.14
2023-05-24,Nandos CORK,-36.35,Dining & Takeaway,2023-05-24,36.35
2024-08-16,Netflix.com monthly,-4.99,Entertainment & Subscriptions,2024-08-16,4.99
04/12/2023,Aldi Store 5320,148.22,Groceries,2023-12-04,148.22
2023-03-23,DELIVEROO.IE *2871,?34.43,Dining & Takeaway,2023-03-23,34.43
2024.05.29,lidl ireland,-120.75,Groceries,2024-05-29,120.75
31/10/2023,Costa Coffee SWORDS,7.33,Dining & Takeaway,2023-10-31,7.33
2024-07-20,  Tesco Express   ,?91.49,Groceries,2024-07-20,91.49
"Feb 27, 2024",spar express dundalk,-?72.63,Groceries,2024-02-27,72.63
2024-01-18,PLAYSTATION NETWORK 3125,-10.96,Entertainment & Subscriptions,2024-01-18,10.96
2024-05-27,Shell Petrol 2284,-17.05,Transport,2024-05-27,17.05
2024-01-27,Costa Coffee GALWAY,-46.26,Dining & Takeaway,2024-01-27,46.26
13/02/2023,audible uk monthly,-?20.69,Entertainment & Subscriptions,2023-02-13,20.69
2024-06-24,Marks & Spencer Food,-30.88,Groceries,2024-06-24,30.88
20/06/2023,LIDL IRELAND,-?79.31,Groceries,2023-06-20,79.31
2024-07-27,ALDI STORE 5028,-64.51,Groceries,2024-07-27,64.51
"Sep 19, 2023",Nandos DUNDALK,?3.80,Dining & Takeaway,2023-09-19,3.8
2023-04-11,Tesco Store #7737,?50.48,Groceries,2023-04-11,50.48
"Sep 20, 2023",,-60.03,Groceries,2023-09-20,60.03
23/10/2023,Marks & Spencer Food,-?35.19,Groceries,2023-10-23,35.19
"Feb 19, 2025",DUNNES STORES BRAY,-?35.32,Groceries,2025-02-19,35.32
2023.12.24,APPLE.COM/BILL,-5.98,Entertainment & Subscriptions,2023-12-24,5.98
2025-04-21,ODEON CINEMAS DUNDALK,-13.75,Entertainment & Subscriptions,2025-04-21,13.75
2023-05-25,Tesco Store #1420,-67.30,Groceries,2023-05-25,67.3
2024-12-02,AMZN Mktp UK*3523,-94.48,Shopping,2024-12-02,94.48
30/06/2024,Tesco Express,75.25 EUR,Groceries,2024-06-30,75.25
2025-01-21,Boots Healthcare CORK,-?12.26,Health & Fitness,2025-01-21,12.26
"Jul 08, 2024",deliveroo.ie *7946,?55.04,Dining & Takeaway,2024-07-08,55.04
2024-10-18,  LEAP CARD AUTO TOPUP   ,-?21.43,Transport,2024-10-18,21.43
"Oct 12, 2023",,90.50,Groceries,2023-10-12,90.5
2025-03-17,  APPLE.COM/BILL   ,-25.53,Entertainment & Subscriptions,2025-03-17,25.53
2025.01.07,  Nandos KILKENNY   ,-36.22,Dining & Takeaway,2025-01-07,36.22
2023.02.08,SPOTIFY AB 3078 EUR,-?11.80,Entertainment & Subscriptions,2023-02-08,11.8
2024-09-17,FLYEfit Gym Monthly DD,-?40.32,Health & Fitness,2024-09-17,40.32
"Dec 18, 2024",LEAP CARD AUTO TOPUP,-?5.80,Transport,2024-12-18,5.8
2023-06-28,LIDL IRELAND,-8.50,Groceries,2023-06-28,8.5
"Jun 21, 2025",Marks & Spencer Food,?71.21,Groceries,2025-06-21,71.21
2025-06-21,TFI Leap Card Topup,?38.99,Transport,2025-06-21,38.99
"Mar 12, 2024",just eat 6694,-44.06,Dining & Takeaway,2024-03-12,44.06
2025-03-17,Costa Coffee GALWAY,-?15.74,Dining & Takeaway,2025-03-17,15.74
2023-03-06,spotify ab 6496 eur,-?32.55,Entertainment & Subscriptions,2023-03-06,32.55
2024-01-20,McDonalds SWORDS,,Dining & Takeaway,2024-01-20,32.99
2024-04-22,Lidl 3074 KILKENNY,-83.41,Groceries,2024-04-22,83.41
2025-06-06,  TESCO EXTRA DUBLIN   ,-41.46,Groceries,2025-06-06,41.46
2023-05-03,LIDL IRELAND,30.63,Groceries,2023-05-03,30.63
2024-11-14,dunnes stores limerick,-62.04,Groceries,2024-11-14,62.04
2024-08-09,insomnia coffee co,-33.25,Dining & Takeaway,2024-08-09,33.25
"Nov 26, 2024",ALDI STORE 7437,8.50,Groceries,2024-11-26,8.5
2023-01-05,DUNNES STORES BRAY,?81.36,Groceries,2023-01-05,81.36
"Aug 01, 2023",  Audible UK Monthly   ,8.11 EUR,Entertainment & Subscriptions,2023-08-01,8.11
2023-12-28,Gym Plus Membership,-63.51,Health & Fitness,2023-12-28,63.51
2024-04-23,  AMZN PRIME MEMBER   ,4.99,Entertainment & Subscriptions,2024-04-23,4.99
09/01/2024,DELIVEROO.IE *5045,-?72.47,Dining & Takeaway,2024-01-09,72.47
2025-02-05,Decathlon Sports Ireland,-27.62,Shopping,2025-02-05,27.62
26/01/2023,Irish Water Direct Debit,?141.76,Utilities & Bills,2023-01-26,141.76
13/08/2023,PLAYSTATION NETWORK 6772,-?17.81,Entertainment & Subscriptions,2023-08-13,17.81
16/05/2023,Dentist Clinic Dublin,33.81,Health & Fitness,2023-05-16,33.81
19/12/2023,ALDI STORE 8688,81.96,Groceries,2023-12-19,81.96
2023-09-28,deliveroo.ie *1907,-?17.03,Dining & Takeaway,2023-09-28,17.03
2023-01-30,ZARA IRELAND SWORDS,?18.98,Shopping,2023-01-30,18.98
2024-04-04,JUST EAT 5186,29.30,Dining & Takeaway,2024-04-04,29.3
2023-05-06,VODAFONE BILL PAY,54.31,Utilities & Bills,2023-05-06,54.31
2024-03-06,Starbucks Coffee #3298,-?33.85,Dining & Takeaway,2024-03-06,33.85
01/01/2025,,-?16.08,Dining & Takeaway,2025-01-01,16.08
10/09/2023,LEAP CARD AUTO TOPUP,-27.95,Transport,2023-09-10,27.95
2025.03.30,just eat 9265,-4.47,Dining & Takeaway,2025-03-30,4.47
19/10/2024,YOUTUBE PREMIUM,-18.87,Entertainment & Subscriptions,2024-10-19,18.87
29/04/2023,tesco store #3906,?122.32,Groceries,2023-04-29,122.32
2023.12.24,  Marks & Spencer Food   ,?36.42,Groceries,2023-12-24,36.42
18/06/2025,boots pharmacy kilkenny,-10.00,Shopping,2025-06-18,10.0
2025-02-22,DUBLIN BUS 4002,20.40,Transport,2025-02-22,20.4
2023-12-18,dublin bus 1864,2.40,Transport,2023-12-18,2.4
2024-08-19,THE LOCAL PUB & GRILL,-32.34,Dining & Takeaway,2024-08-19,32.34
22/03/2023,IRISH RAIL ONLINE,-?15.42,Transport,2023-03-22,15.42
29/08/2024,McDonalds LIMERICK,4.01,Dining & Takeaway,2024-08-29,4.01
02/06/2023,Gourmet Burger Kitchen,-?27.00,Dining & Takeaway,2023-06-02,27.0
20/03/2025,Marks & Spencer Food,46.75,Groceries,2025-03-20,46.75
2024-09-19,  UBER *TRIP 8722   ,-2.40,Transport,2024-09-19,2.4
2023-11-18,  DUNNES STORES SWORDS   ,?28.00,Groceries,2023-11-18,28.0
"Mar 31, 2024",TK MAXX GALWAY,-49.97,Shopping,2024-03-31,49.97
"Jul 01, 2023",dunnes stores cork,?46.95,Groceries,2023-07-01,46.95
"Apr 21, 2023",Gym Plus Membership,-21.45,Health & Fitness,2023-04-21,21.45
2023-02-17,Tesco Express,-23.61,Groceries,2023-02-17,23.61
2024-01-25,,-93.37,Groceries,2024-01-25,93.37
"Sep 06, 2024",Nandos BRAY,-6.39,Dining & Takeaway,2024-09-06,6.39
2023-05-02,Dublin Bus 8415,-?6.25,Transport,2023-05-02,6.25
2024-09-25,Lidl 7122 LIMERICK,-47.78,Groceries,2024-09-25,47.78
2025-04-14,RYANAIR *9247 AIRLINE,-25.00,Travel,2025-04-14,25.0
03/11/2023,ALDI IRELAND GMBH,64.09,Groceries,2023-11-03,64.09
2023.01.01,Dominos Pizza GALWAY,-33.60,Dining & Takeaway,2023-01-01,33.6
2023-11-26,UBER *TRIP 9543,-?21.90,Transport,2023-11-26,21.9
17/02/2025,tesco store #9819,41.99,Groceries,2025-02-17,41.99
07/05/2023,tesco express,-100.61,Groceries,2023-05-07,100.61
09/11/2023,Amzn Mktp Uk*1886,-81.99,Shopping,2023-11-09,81.99
2023.06.02,Boots Healthcare LIMERICK,-33.27,Health & Fitness,2023-06-02,33.27
2023-07-07,IKEA DUBLIN STORE,78.48 EUR,Shopping,2023-07-07,78.48
2023.10.13,Council Tax Payment,-124.52,Utilities & Bills,2023-10-13,124.52
19/06/2024,FREE NOW TAXI DUBLIN,-?50.90,Transport,2024-06-19,50.9
2024-02-14,Gourmet Burger Kitchen,?15.54,Dining & Takeaway,2024-02-14,15.54
"May 01, 2024",  LEAP CARD AUTO TOPUP   ,-41.80,Transport,2024-05-01,41.8
2025.02.21,DELIVEROO.IE *9049,-?43.45,Dining & Takeaway,2025-02-21,43.45
27/04/2023,Tesco Store #5631,?69.44,Groceries,2023-04-27,69.44
04/01/2023,Asos.Com Orders,-?44.55,Shopping,2023-01-04,44.55
2023-10-08,  DUNNES STORES SWORDS   ,?26.29,Groceries,2023-10-08,26.29
2024.05.10,tesco express,-36.71,Groceries,2024-05-10,36.71
2023-07-22,,56.01,Groceries,2023-07-22,56.01
2023-03-28,Netflix.com monthly,25.24,Entertainment & Subscriptions,2023-03-28,25.24
17/02/2023,Insomnia Coffee Co,-22.50,Dining & Takeaway,2023-02-17,22.5
2024-06-12,LIDL IRELAND,-68.65,Groceries,2024-06-12,68.65
2024-01-22,decathlon sports ireland,-?86.83,Shopping,2024-01-22,86.83
2025-04-05,penneys primark dundalk,-34.74,Shopping,2025-04-05,34.74
2023-04-06,SPAR EXPRESS GALWAY,-29.37,Groceries,2023-04-06,29.37
2023-04-15,Costa Coffee DUBLIN,?41.18,Dining & Takeaway,2023-04-15,41.18
2025-02-14,Dominos Pizza GALWAY,-10.09,Dining & Takeaway,2025-02-14,10.09
12/06/2024,DELIVEROO.IE *6244,?22.23,Dining & Takeaway,2024-06-12,22.23
2025-03-28,  BOOTS PHARMACY BRAY   ,-23.40,Shopping,2025-03-28,23.4
20/05/2024,Lidl 9310 CORK,-70.66,Groceries,2024-05-20,70.66
06/04/2025,starbucks coffee #1782,-?58.98,Dining & Takeaway,2025-04-06,58.98
2025-06-15,ALDI STORE 5191,21.43,Groceries,2025-06-15,21.43
2023.10.06,sky ireland tv & broadband,,Utilities & Bills,2023-10-06,117.54
2023.02.01,Dominos Pizza BRAY,15.50,Dining & Takeaway,2023-02-01,15.5
2024-05-15,SuperValu KILKENNY,,Groceries,2024-05-15,96.65
2024-12-22,Boojum Burrito Cork,-102.71,Dining & Takeaway,2024-12-22,102.71
2023-08-30,  Irish Water Direct Debit   ,-106.69,Utilities & Bills,2023-08-30,106.69
11/01/2024,  Boojum Burrito DUNDALK   ,-36.24,Dining & Takeaway,2024-01-11,36.24
13/06/2024,DUNNES STORES LIMERICK,-?24.79,Groceries,2024-06-13,24.79
2023.07.24,Starbucks Coffee #8770,-24.59,Dining & Takeaway,2023-07-24,24.59
2023-07-23,Physiotherapy Care Dublin,-?44.52,Health & Fitness,2023-07-23,44.52
01/08/2023,SPAR EXPRESS DUBLIN,-?8.50,Groceries,2023-08-01,8.5
11/01/2024,Audible UK Monthly,?8.19,Entertainment & Subscriptions,2024-01-11,8.19
2023-01-27,DISNEY PLUS MONTHLY,19.79,Entertainment & Subscriptions,2023-01-27,19.79
2025-01-10,Applegreen Motorway Services,?24.48,Transport,2025-01-10,24.48
05/08/2024,SPOTIFY AB 6656 EUR,28.35,Entertainment & Subscriptions,2024-08-05,28.35
2025-05-05,marks & spencer food,-?99.50,Groceries,2025-05-05,99.5
"Apr 15, 2023",JUST EAT 4978,?30.07,Dining & Takeaway,2023-04-15,30.07
2023-07-21,Starbucks Coffee #2196,-6.48,Dining & Takeaway,2023-07-21,6.48
2023-04-15,Brown Thomas Dublin,-?142.55,Shopping,2023-04-15,142.55
2023-01-09,  AMZN PRIME MEMBER   ,-?4.99,Entertainment & Subscriptions,2023-01-09,4.99
2023-03-18,Sky Ireland Tv & Broadband,-100.21,Utilities & Bills,2023-03-18,100.21
2023-12-05,IRISH RAIL ONLINE,27.50,Transport,2023-12-05,27.5
23/02/2024,TESCO EXTRA KILKENNY,134.57 EUR,Groceries,2024-02-23,134.57
10/02/2025,ikea dublin store,-?64.47,Shopping,2025-02-10,64.47
25/11/2023,  Nandos LIMERICK   ,-64.00,Dining & Takeaway,2023-11-25,64.0
15/01/2025,ALDI IRELAND GMBH,-45.43,Groceries,2025-01-15,45.43
"May 12, 2025",spotify ab 5925 eur,-26.24,Entertainment & Subscriptions,2025-05-12,26.24
15/10/2024,  Dominos Pizza BRAY   ,-?55.59,Dining & Takeaway,2024-10-15,55.59
2023-06-28,  DART TICKET MACHINE   ,-?18.78,Transport,2023-06-28,18.78
18/05/2025,Tesco Express,-?70.44,Groceries,2025-05-18,70.44
2023-03-16,shell petrol 5198,-20.84,Transport,2023-03-16,20.84
2025-04-10,SuperValu BRAY,-30.46,Groceries,2025-04-10,30.46
2025.06.30,APPLE.COM/BILL,-13.59,Entertainment & Subscriptions,2025-06-30,13.59
25/02/2023,Marks & Spencer Food,,Groceries,2023-02-25,29.46
06/12/2024,  UBER *TRIP 8798   ,?35.38,Transport,2024-12-06,35.38
2023-11-09,ALDI STORE 1303,-?49.87,Groceries,2023-11-09,49.87
2025-02-06,Costa Coffee LIMERICK,39.74 EUR,Dining & Takeaway,2025-02-06,39.74
24/02/2024,Applegreen Motorway Services,-7.96,Transport,2024-02-24,7.96
"Jun 03, 2023",  SHELL PETROL 2860   ,-?20.96,Transport,2023-06-03,20.96
29/01/2023,  IKEA DUBLIN STORE   ,10.00 EUR,Shopping,2023-01-29,10.0
2023-01-23,JUST EAT 2385,-?25.90,Dining & Takeaway,2023-01-23,25.9
2024-01-20,  SPAR EXPRESS KILKENNY   ,-?9.91,Groceries,2024-01-20,9.91
2025-01-03,Irish Water Direct Debit,-173.97,Utilities & Bills,2025-01-03,173.97
"Nov 10, 2024",  Tesco Store #3540   ,?65.66,Groceries,2024-11-10,65.66
23/02/2024,TESCO EXTRA KILKENNY,134.57 EUR,Groceries,2024-02-23,134.57
"May 24, 2023",Nandos Swords,-39.90,Dining & Takeaway,2023-05-24,39.9
2023-11-12,JUST EAT 1747,?4.80,Dining & Takeaway,2023-11-12,4.8
2023-03-22,nandos dundalk,-32.06,Dining & Takeaway,2023-03-22,32.06
2024-04-09,just eat 7607,-?56.31,Dining & Takeaway,2024-04-09,56.31
2023-06-02,Dominos Pizza DUBLIN,-3.80,Dining & Takeaway,2023-06-02,3.8
2023.06.20,Tesco Express,?8.50,Groceries,2023-06-20,8.5
"Sep 25, 2023",YOUTUBE PREMIUM,-4.99,Entertainment & Subscriptions,2023-09-25,4.99
2023-11-09,APPLE.COM/BILL,-10.87,Entertainment & Subscriptions,2023-11-09,10.87
2023-03-29,TESCO EXTRA BRAY,-?17.17,Groceries,2023-03-29,17.17
2023.12.20,McDonalds DUNDALK,-67.54,Dining & Takeaway,2023-12-20,67.54
2024-05-05,Audible UK Monthly,16.65,Entertainment & Subscriptions,2024-05-05,16.65
2024-07-17,LIDL IRELAND,-?8.50,Groceries,2024-07-17,8.5
"Mar 25, 2023",APPLE.COM/BILL,-5.75,Entertainment & Subscriptions,2023-03-25,5.75
29/01/2023,booking.com hotel,-267.73,Travel,2023-01-29,267.73
2024-12-06,DUBLIN BUS 4666,-38.75,Transport,2024-12-06,38.75
2025-03-11,marks & spencer food,-30.77,Groceries,2025-03-11,30.77
2023-12-14,McDonalds SWORDS,-313.59,Dining & Takeaway,2023-12-14,313.59
2023-04-17,YOUTUBE PREMIUM,12.85,Entertainment & Subscriptions,2023-04-17,12.85
2024-08-12,CIRCLE K DUBLIN,?2.40,Transport,2024-08-12,2.4
2023-11-02,aldi ireland gmbh,-30.50,Groceries,2023-11-02,30.5
05/11/2024,Lidl Ireland,-?26.34,Groceries,2024-11-05,26.34
2024-06-07,UBER *TRIP 4892,-?42.04,Transport,2024-06-07,42.04
2023-10-28,ELECTRIC IRELAND DD,-58.90,Utilities & Bills,2023-10-28,58.9
"Apr 29, 2025",Insomnia Coffee Co,-?51.38,Dining & Takeaway,2025-04-29,51.38
2025-04-23,LIDL IRELAND,?27.84,Groceries,2025-04-23,27.84
05/06/2023,LEAP CARD AUTO TOPUP,29.40,Transport,2023-06-05,29.4
09/03/2025,LEAP CARD AUTO TOPUP,-4.21,Transport,2025-03-09,4.21
23/04/2024,Dominos Pizza Cork,-3.80,Dining & Takeaway,2024-04-23,3.8
2023-12-28,Sky Ireland TV & Broadband,-125.88,Utilities & Bills,2023-12-28,125.88
"Jul 01, 2023",dunnes stores cork,?46.95,Groceries,2023-07-01,46.95
11/05/2023,HOTELS.COM RESERVATION,-?247.75,Travel,2023-05-11,247.75
21/08/2024,ALDI IRELAND GMBH,44.75,Groceries,2024-08-21,44.75
07/09/2024,  FREE NOW TAXI DUBLIN   ,5.85,Transport,2024-09-07,5.85
2025-03-12,dublin bus 3083,-26.80,Transport,2025-03-12,26.8
2024-06-30,SPAR EXPRESS GALWAY,-?38.36,Groceries,2024-06-30,38.36
2024-06-15,Dentist Clinic Dublin,-74.06,Health & Fitness,2024-06-15,74.06
"Sep 18, 2023",  Bord Gais Energy DD   ,-233.55,Utilities & Bills,2023-09-18,233.55
20/02/2025,  LIDL IRELAND   ,-62.00,Groceries,2025-02-20,62.0
"Feb 19, 2023",Supervalu Dundalk,-60.00,Groceries,2023-02-19,60.0
2025.06.05,mcdonalds swords,?22.81,Dining & Takeaway,2025-06-05,22.81
"Aug 10, 2024",ALDI IRELAND GMBH,?48.12,Groceries,2024-08-10,48.12
2025.03.04,Nandos CORK,-4.72,Dining & Takeaway,2025-03-04,4.72
2024-07-29,Marks & Spencer Food,?39.23,Groceries,2024-07-29,39.23
"Aug 13, 2023",Tesco Extra Galway,-40.54,Groceries,2023-08-13,40.54
2023-06-14,FREE NOW TAXI DUBLIN,?2.40,Transport,2023-06-14,2.4
2024.09.12,apple store retail,39.66,Shopping,2024-09-12,39.66
2024-08-21,THE LOCAL PUB & GRILL,6.03,Dining & Takeaway,2024-08-21,6.03
2025-02-02,SuperValu BRAY,?40.99,Groceries,2025-02-02,40.99
"Jul 08, 2023",decathlon sports ireland,-64.06,Shopping,2023-07-08,64.06
2024-08-13,tfi leap card topup,-?2.40,Transport,2024-08-13,2.4
2023-05-18,PENNEYS PRIMARK LIMERICK,-128.57,Shopping,2023-05-18,128.57
2023.05.16,apple store retail,-10.00,Shopping,2023-05-16,10.0
2025-06-30,APPLE.COM/BILL,?4.99,Entertainment & Subscriptions,2025-06-30,4.99
2023-01-17,dunnes stores limerick,-104.77,Groceries,2023-01-17,104.77
08/11/2024,SPAR EXPRESS DUNDALK,-?8.50,Groceries,2024-11-08,8.5
23/07/2024,YOUTUBE PREMIUM,-23.99,Entertainment & Subscriptions,2024-07-23,23.99
2023-08-18,TESCO EXTRA GALWAY,-66.97,Groceries,2023-08-18,66.97
24/01/2024,Lidl 3143 KILKENNY,?73.19,Groceries,2024-01-24,73.19
06/06/2024,Insomnia Coffee Co,-?46.08,Dining & Takeaway,2024-06-06,46.08
2023-08-12,tesco express,-?33.29,Groceries,2023-08-12,33.29
11/06/2023,TFI Leap Card Topup,-13.15,Transport,2023-06-11,13.15
2024-03-26,uber *trip 9240,-14.65,Transport,2024-03-26,14.65
10/11/2024,Netflix.com monthly,-?6.53,Entertainment & Subscriptions,2024-11-10,6.53
2025-01-23,  Lidl 2523 SWORDS   ,-?56.77,Groceries,2025-01-23,56.77
05/09/2023,Sky Ireland Tv & Broadband,?35.00,Utilities & Bills,2023-09-05,35.0
2024.02.27,the local pub & grill,14.70,Dining & Takeaway,2024-02-27,14.7
2024-04-25,  SuperValu GALWAY   ,-89.26,Groceries,2024-04-25,89.26
2025-02-17,Lidl 9132 DUNDALK,-?11.37,Groceries,2025-02-17,11.37
22/02/2023,ELECTRIC IRELAND DD,-100.90,Utilities & Bills,2023-02-22,100.9
17/10/2023,DELIVEROO.IE *7108,-30.24,Dining & Takeaway,2023-10-17,30.24
2023-02-01,amzn mktp uk*6886,-85.64,Shopping,2023-02-01,85.64
2023-08-19,mcdonalds limerick,-4.67,Dining & Takeaway,2023-08-19,4.67
2025-06-18,  PENNEYS PRIMARK SWORDS   ,-50.36,Shopping,2025-06-18,50.36
2023-08-14,Starbucks Coffee #8574,-?14.10,Dining & Takeaway,2023-08-14,14.1
2023-08-25,VIRGIN MEDIA IRELAND,-52.07,Utilities & Bills,2023-08-25,52.07
27/06/2025,Tesco Express,44.11,Groceries,2025-06-27,44.11
2023-12-01,ikea dublin store,60.20,Shopping,2023-12-01,60.2
2025-01-11,,-85.44,Groceries,2025-01-11,85.44
2024-03-31,mcdonalds dublin,-4.71,Dining & Takeaway,2024-03-31,4.71
2023-10-01,SuperValu DUNDALK,-72.68,Groceries,2023-10-01,72.68
"Nov 17, 2024",YOUTUBE PREMIUM,-?6.57,Entertainment & Subscriptions,2024-11-17,6.57
2024-12-27,Marks & Spencer Food,-115.95,Groceries,2024-12-27,115.95
05/01/2024,Dentist Clinic Dublin,28.10 EUR,Health & Fitness,2024-01-05,28.1
"Feb 04, 2024",DUBLIN BUS 3072,11.84,Transport,2024-02-04,11.84
2023-06-25,Costa Coffee DUBLIN,-4.57,Dining & Takeaway,2023-06-25,4.57
"Aug 08, 2023",Marks & Spencer Food,-?36.81,Groceries,2023-08-08,36.81
2024-02-15,Nandos SWORDS,-30.44,Dining & Takeaway,2024-02-15,30.44
"Jul 18, 2024",SPAR EXPRESS BRAY,?64.83,Groceries,2024-07-18,64.83
2025-01-28,Dominos Pizza SWORDS,-?21.02,Dining & Takeaway,2025-01-28,21.02
2024-01-24,youtube premium,-29.33,Entertainment & Subscriptions,2024-01-24,29.33
"Mar 12, 2024",  DUNNES STORES SWORDS   ,-?49.74,Groceries,2024-03-12,49.74
13/06/2025,DUNNES STORES BRAY,-72.46,Groceries,2025-06-13,72.46
2023-01-30,Physiotherapy Care Dublin,-48.42,Health & Fitness,2023-01-30,48.42
2023-01-10,Physiotherapy Care Dublin,?12.00,Health & Fitness,2023-01-10,12.0
"Feb 01, 2025",LIDL IRELAND,?89.12,Groceries,2025-02-01,89.12
2023-03-02,Starbucks Coffee #8032,-11.01,Dining & Takeaway,2023-03-02,11.01
16/04/2024,ODEON CINEMAS DUBLIN,-?16.18,Entertainment & Subscriptions,2024-04-16,16.18
"Oct 10, 2024",leap card auto topup,-21.14,Transport,2024-10-10,21.14
"Mar 09, 2023",tesco express,?37.00,Groceries,2023-03-09,37.0
2024.08.20,  YOUTUBE PREMIUM   ,-?8.94,Entertainment & Subscriptions,2024-08-20,8.94
"Nov 20, 2023",  BOOTS PHARMACY GALWAY   ,-26.94,Shopping,2023-11-20,26.94
2025-02-22,  DISNEY PLUS MONTHLY   ,-14.68,Entertainment & Subscriptions,2025-02-22,14.68
2025-03-31,,-3.80,Dining & Takeaway,2025-03-31,3.8
"Mar 10, 2025",Applegreen Motorway Services,-14.02,Transport,2025-03-10,14.02
2023-04-01,SPOTIFY AB 6964 EUR,-?26.89,Entertainment & Subscriptions,2023-04-01,26.89
22/07/2024,Audible UK Monthly,-20.60,Entertainment & Subscriptions,2024-07-22,20.6
31/08/2024,AMZN Mktp UK*6658,?180.91,Shopping,2024-08-31,180.91
03/12/2024,FREE NOW TAXI DUBLIN,-?2.40,Transport,2024-12-03,2.4
2025-03-08,Bord Gais Energy DD,-64.19,Utilities & Bills,2025-03-08,64.19
04/12/2023,Tesco Store #2897,?96.95,Groceries,2023-12-04,96.95
2025-03-28,THE LOCAL PUB & GRILL,14.12 EUR,Dining & Takeaway,2025-03-28,14.12
2024-03-28,PENNEYS PRIMARK DUNDALK,-64.64,Shopping,2024-03-28,64.64
2024-10-11,  Costa Coffee DUBLIN   ,?3.80,Dining & Takeaway,2024-10-11,3.8
2025-02-22,SHELL PETROL 9868,?19.81,Transport,2025-02-22,19.81
2023.01.12,  DART TICKET MACHINE   ,2.40,Transport,2023-01-12,2.4
2024-12-10,IKEA DUBLIN STORE,?127.89,Shopping,2024-12-10,127.89
21/10/2024,zara ireland bray,-11.83,Shopping,2024-10-21,11.83
2023.04.02,  Gourmet Burger Kitchen   ,-48.60,Dining & Takeaway,2023-04-02,48.6
2025-05-27,  TK MAXX KILKENNY   ,?129.66,Shopping,2025-05-27,129.66
2023-10-24,tesco extra kilkenny,-8.50,Groceries,2023-10-24,8.5
2023-11-18,boojum burrito dundalk,-?7.94,Dining & Takeaway,2023-11-18,7.94
26/11/2023,AIRBNB * 6932,-332.46,Travel,2023-11-26,332.46
2024-10-25,Lidl 5429 SWORDS,-57.67,Groceries,2024-10-25,57.67
2025.06.24,SHELL PETROL 2719,?27.87,Transport,2025-06-24,27.87
"Aug 22, 2024",Tesco Store #9979,-59.86,Groceries,2024-08-22,59.86
2023-03-21,  ALDI STORE 5379   ,-59.38,Groceries,2023-03-21,59.38
2023-01-21,Nandos DUNDALK,-13.77,Dining & Takeaway,2023-01-21,13.77
"Jul 04, 2023",TK MAXX KILKENNY,-?10.00,Shopping,2023-07-04,10.0
"Nov 20, 2024",Nandos GALWAY,?3.80,Dining & Takeaway,2024-11-20,3.8
2025-06-04,Dominos Pizza LIMERICK,-?55.10,Dining & Takeaway,2025-06-04,55.1
2023-08-04,DUNNES STORES BRAY,-?69.72,Groceries,2023-08-04,69.72
2024-07-29,  Amazon.de Purchase   ,-?164.72,Shopping,2024-07-29,164.72
2023-05-20,BOOTS PHARMACY BRAY,160.10 EUR,Shopping,2023-05-20,160.1
2023-07-15,dunnes stores bray,-62.94,Groceries,2023-07-15,62.94
"Oct 14, 2023",tesco store #6536,-50.26,Groceries,2023-10-14,50.26
2024-04-01,IRISH RAIL ONLINE,-23.40,Transport,2024-04-01,23.4
04/05/2025,Dominos Pizza DUBLIN,-?5.27,Dining & Takeaway,2025-05-04,5.27
2024-04-19,Gourmet Burger Kitchen,-24.44,Dining & Takeaway,2024-04-19,24.44
2024-05-08,DART TICKET MACHINE,-?33.28,Transport,2024-05-08,33.28
2023-03-12,Brown Thomas Dublin,-10.00,Shopping,2023-03-12,10.0
2024-12-31,McDonalds GALWAY,-37.84,Dining & Takeaway,2024-12-31,37.84
2025-03-26,,-49.50,Groceries,2025-03-26,49.5
02/09/2024,gourmet burger kitchen,-?3.80,Dining & Takeaway,2024-09-02,3.8
2023-10-20,CIRCLE K DUBLIN,-2.40,Transport,2023-10-20,2.4
2025-06-21,TFI Leap Card Topup,?38.99,Transport,2025-06-21,38.99
26/02/2024,  Audible UK Monthly   ,?39.24,Entertainment & Subscriptions,2024-02-26,39.24
18/06/2023,,-53.96,Groceries,2023-06-18,53.96
"May 16, 2024",Irish Water Direct Debit,-?35.00,Utilities & Bills,2024-05-16,35.0
"May 15, 2025",Netflix.com monthly,-?4.99,Entertainment & Subscriptions,2025-05-15,4.99
2023-12-04,SuperValu DUBLIN,39.68,Groceries,2023-12-04,39.68
2024-02-11,TFI Leap Card Topup,-9.29,Transport,2024-02-11,9.29
"Jan 15, 2023",ALDI STORE 5209,?15.88,Groceries,2023-01-15,15.88
2023-12-31,SPAR EXPRESS KILKENNY,?88.68,Groceries,2023-12-31,88.68
"Nov 27, 2024",Nandos DUNDALK,-43.93,Dining & Takeaway,2024-11-27,43.93
2023.09.09,  Costa Coffee KILKENNY   ,-36.38,Dining & Takeaway,2023-09-09,36.38
2025-03-17,deliveroo.ie *8031,-?18.65,Dining & Takeaway,2025-03-17,18.65
"Mar 02, 2025",  RYANAIR *4281 AIRLINE   ,?254.59,Travel,2025-03-02,254.59
22/02/2023,Tesco Store #8919,38.57,Groceries,2023-02-22,38.57
01/07/2024,DISNEY PLUS MONTHLY,-20.34,Entertainment & Subscriptions,2024-07-01,20.34
2023.08.12,  APPLE STORE RETAIL   ,-208.80,Shopping,2023-08-12,208.8
30/03/2024,Costa Coffee DUBLIN,-76.44,Dining & Takeaway,2024-03-30,76.44
2023-03-26,AMZN PRIME MEMBER,-12.13,Entertainment & Subscriptions,2023-03-26,12.13
2023-02-05,Boojum Burrito LIMERICK,-?30.90,Dining & Takeaway,2023-02-05,30.9
2024-04-04,  THE LOCAL PUB & GRILL   ,-?28.69,Dining & Takeaway,2024-04-04,28.69
01/07/2023,nandos galway,-?24.77,Dining & Takeaway,2023-07-01,24.77
"Jan 23, 2025",Tesco Express,50.44,Groceries,2025-01-23,50.44
07/06/2024,Starbucks Coffee #1746,,Dining & Takeaway,2024-06-07,8.35
2023-05-09,Tesco Store #5410,-30.63,Groceries,2023-05-09,30.63
"May 04, 2025",disney plus monthly,-?15.62,Entertainment & Subscriptions,2025-05-04,15.62
2024-10-20,  SPOTIFY AB 1529 EUR   ,-20.77,Entertainment & Subscriptions,2024-10-20,20.77
2023-08-22,Insomnia Coffee Co,-?3.80,Dining & Takeaway,2023-08-22,3.8
2024-07-27,Playstation Network 6903,-6.43,Entertainment & Subscriptions,2024-07-27,6.43
2024-11-13,PLAYSTATION NETWORK 7875,-11.84,Entertainment & Subscriptions,2024-11-13,11.84
2025-06-04,Dominos Pizza GALWAY,-27.54,Dining & Takeaway,2025-06-04,27.54
2023-01-18,DART TICKET MACHINE,-14.05,Transport,2023-01-18,14.05
10/03/2023,ALDI STORE 1719,-?36.45,Groceries,2023-03-10,36.45
21/03/2023,ALDI STORE 7904,-?68.86,Groceries,2023-03-21,68.86
01/08/2023,  Boojum Burrito SWORDS   ,-?3.80,Dining & Takeaway,2023-08-01,3.8
2024-11-18,  Tesco Express   ,-68.77,Groceries,2024-11-18,68.77
2024-08-17,DELIVEROO.IE *3270,?31.27,Dining & Takeaway,2024-08-17,31.27
03/02/2023,CIRCLE K LIMERICK,-?29.48,Transport,2023-02-03,29.48
2023.10.08,lidl 5166 dublin,-58.03,Groceries,2023-10-08,58.03
2023-03-09,amzn mktp uk*8075,?39.53,Shopping,2023-03-09,39.53
2023.09.22,Lidl 5350 KILKENNY,-?78.26,Groceries,2023-09-22,78.26
"Jun 28, 2023",Physiotherapy Care Dublin,-?56.87,Health & Fitness,2023-06-28,56.87
"Jun 26, 2023",  Bord Gais Energy DD   ,-166.58,Utilities & Bills,2023-06-26,166.58
"Aug 25, 2023",Tesco Express,-?99.46,Groceries,2023-08-25,99.46
2023-02-24,ALDI STORE 5444,-?42.87,Groceries,2023-02-24,42.87
2024-04-01,JUST EAT 3550,43.42,Dining & Takeaway,2024-04-01,43.42
19/03/2024,LEAP CARD AUTO TOPUP,-29.33,Transport,2024-03-19,29.33
2025-03-13,Marks & Spencer Food,-74.78,Groceries,2025-03-13,74.78
"Mar 19, 2023",AMZN Mktp UK*9468,?34.03,Shopping,2023-03-19,34.03
2024.10.17,DUNNES STORES KILKENNY,?58.69,Groceries,2024-10-17,58.69
2023-08-03,Tesco Express,,Groceries,2023-08-03,81.05
03/05/2025,Starbucks Coffee #4968,,Dining & Takeaway,2025-05-03,47.9
30/06/2024,marks & spencer food,-44.33,Groceries,2024-06-30,44.33
2024-03-16,SPAR EXPRESS BRAY,-79.49,Groceries,2024-03-16,79.49
2024-03-24,Bord Gais Energy DD,-?96.86,Utilities & Bills,2024-03-24,96.86
2024-12-27,SuperValu LIMERICK,-?94.40,Groceries,2024-12-27,94.4
2023-12-07,FLYEfit Gym Monthly DD,-?55.47,Health & Fitness,2023-12-07,55.47
2024-03-20,tesco express,?34.45,Groceries,2024-03-20,34.45
"Nov 21, 2023",Steam Games Purchase,12.67 EUR,Entertainment & Subscriptions,2023-11-21,12.67
2024-12-28,YOUTUBE PREMIUM,?14.49,Entertainment & Subscriptions,2024-12-28,14.49
2025.04.23,irish water direct debit,-73.68,Utilities & Bills,2025-04-23,73.68
2025-06-14,CIRCLE K BRAY,10.28,Transport,2025-06-14,10.28
2023-06-07,Tesco Store #5390,-44.93,Groceries,2023-06-07,44.93
09/06/2025,  Dominos Pizza DUNDALK   ,-?25.48,Dining & Takeaway,2025-06-09,25.48
10/05/2025,,-6.11,Entertainment & Subscriptions,2025-05-10,6.11
09/03/2025,amzn mktp uk*8128,-24.42,Shopping,2025-03-09,24.42
"Jun 25, 2024",Amazon.de Purchase,-?60.98,Shopping,2024-06-25,60.98
04/05/2024,JUST EAT 8778,-?7.40,Dining & Takeaway,2024-05-04,7.4
"Feb 15, 2025",IKEA DUBLIN STORE,-?10.00,Shopping,2025-02-15,10.0
"Oct 25, 2023",  Marks & Spencer Food   ,?48.25,Groceries,2023-10-25,48.25
2025-02-16,Costa Coffee GALWAY,-?5.01,Dining & Takeaway,2025-02-16,5.01
02/11/2024,Council Tax Payment,-?90.57,Utilities & Bills,2024-11-02,90.57
2024.03.17,ODEON CINEMAS KILKENNY,17.80,Entertainment & Subscriptions,2024-03-17,17.8
27/11/2024,Dominos Pizza CORK,-?61.55,Dining & Takeaway,2024-11-27,61.55
2023-05-28,Tesco Store #5675,34.55 EUR,Groceries,2023-05-28,34.55
2024-03-14,Steam Games Purchase,-?5.79,Entertainment & Subscriptions,2024-03-14,5.79
2023-02-08,  IKEA DUBLIN STORE   ,34.78,Shopping,2023-02-08,34.78
2023-11-01,Starbucks Coffee #6318,-22.73,Dining & Takeaway,2023-11-01,22.73
20/08/2024,CIRCLE K LIMERICK,?26.24,Transport,2024-08-20,26.24
23/05/2023,Lidl 1170 Dublin,-61.00,Groceries,2023-05-23,61.0
"Jan 20, 2024",  TESCO EXTRA BRAY   ,83.53,Groceries,2024-01-20,83.53
2023.05.16,  LEAP CARD AUTO TOPUP   ,-29.41,Transport,2023-05-16,29.41
2024-07-23,  RYANAIR *8408 AIRLINE   ,?138.22,Travel,2024-07-23,138.22
2023-03-03,just eat 9061,-23.78,Dining & Takeaway,2023-03-03,23.78
2024-08-27,Boojum Burrito GALWAY,-?19.66,Dining & Takeaway,2024-08-27,19.66
2025-06-09,Bord Gais Energy DD,-74.35,Utilities & Bills,2025-06-09,74.35
2025.02.17,  Gourmet Burger Kitchen   ,-35.23,Dining & Takeaway,2025-02-17,35.23
20/03/2025,gourmet burger kitchen,-14.36,Dining & Takeaway,2025-03-20,14.36
2024-07-01,ALDI IRELAND GMBH,-?39.83,Groceries,2024-07-01,39.83
2025-06-19,Costa Coffee LIMERICK,-47.72,Dining & Takeaway,2025-06-19,47.72
2025-02-17,Lidl 7720 KILKENNY,?49.23,Groceries,2025-02-17,49.23
2024-03-13,Tesco Express,108.29,Groceries,2024-03-13,108.29
2025-05-02,IRISH RAIL ONLINE,?16.45,Transport,2025-05-02,16.45
2024-09-17,FLYEfit Gym Monthly DD,-?40.32,Health & Fitness,2024-09-17,40.32
2023-02-02,PENNEYS PRIMARK BRAY,-103.49,Shopping,2023-02-02,103.49
2024-11-10,,10.00,Shopping,2024-11-10,10.0
11/08/2023,Council Tax Payment,164.39,Utilities & Bills,2023-08-11,164.39
"Dec 17, 2023",SHELL PETROL 5030,-56.59,Transport,2023-12-17,56.59
2023-04-20,Ikea Dublin Store,-?10.00,Shopping,2023-04-20,10.0
2024-02-24,Lidl 7918 DUNDALK,-108.68,Groceries,2024-02-24,108.68
22/05/2023,Audible UK Monthly,-?4.99,Entertainment & Subscriptions,2023-05-22,4.99
2023-07-10,  APPLE STORE RETAIL   ,?75.75,Shopping,2023-07-10,75.75
"Mar 30, 2023",APPLE.COM/BILL,-4.99,Entertainment & Subscriptions,2023-03-30,4.99
"Jun 07, 2025",McDonalds BRAY,63.40 EUR,Dining & Takeaway,2025-06-07,63.4
2023.06.24,BOOTS PHARMACY DUNDALK,-23.00,Shopping,2023-06-24,23.0
29/07/2023,Costa Coffee BRAY,-?4.64,Dining & Takeaway,2023-07-29,4.64
2024.05.01,Applegreen Motorway Services,-12.22,Transport,2024-05-01,12.22
23/01/2025,FREE NOW TAXI DUBLIN,-2.40,Transport,2025-01-23,2.4
2024-04-02,ALDI STORE 9566,,Groceries,2024-04-02,36.9
2025-02-06,TFI Leap Card Topup,-25.66,Transport,2025-02-06,25.66
2024-01-09,  DART TICKET MACHINE   ,-?29.14,Transport,2024-01-09,29.14
2024.02.05,CIRCLE K GALWAY,-?18.95,Transport,2024-02-05,18.95
2025-05-17,costa coffee dublin,?51.39,Dining & Takeaway,2025-05-17,51.39
2024-06-03,  LEAP CARD AUTO TOPUP   ,-28.09,Transport,2024-06-03,28.09
2025-03-31,Dublin Airport Parking,-249.50,Travel,2025-03-31,249.5
27/03/2023,amzn prime member,-?13.44,Entertainment & Subscriptions,2023-03-27,13.44
2024.06.01,Audible UK Monthly,-?25.99,Entertainment & Subscriptions,2024-06-01,25.99
2024-04-11,  Marks & Spencer Food   ,44.07,Groceries,2024-04-11,44.07
2024-02-20,Tesco Store #5408,?41.66,Groceries,2024-02-20,41.66
"Feb 07, 2024",Lidl 7421 DUNDALK,-47.15,Groceries,2024-02-07,47.15
2025-04-11,Costa Coffee CORK,31.69,Dining & Takeaway,2025-04-11,31.69
2024-03-06,Lidl 3480 SWORDS,-?8.50,Groceries,2024-03-06,8.5
24/03/2025,Insomnia Coffee Co,-?14.88,Dining & Takeaway,2025-03-24,14.88
2023-06-07,Youtube Premium,?42.09,Entertainment & Subscriptions,2023-06-07,42.09
2024-03-04,,-?45.11,Dining & Takeaway,2024-03-04,45.11
2025-04-26,ALDI STORE 1854,78.83,Groceries,2025-04-26,78.83
2024-10-17,Free Now Taxi Dublin,-?2.40,Transport,2024-10-17,2.4
2023-05-16,  DUNNES STORES CORK   ,-105.20,Groceries,2023-05-16,105.2
20/10/2024,Netflix.com monthly,-15.52,Entertainment & Subscriptions,2024-10-20,15.52
"Apr 17, 2024",applegreen motorway services,-2.40,Transport,2024-04-17,2.4
31/08/2023,aer lingus dublin,-93.97,Travel,2023-08-31,93.97
2025.03.03,odeon cinemas cork,-13.86,Entertainment & Subscriptions,2025-03-03,13.86
23/02/2023,IKEA DUBLIN STORE,-?32.94,Shopping,2023-02-23,32.94
2024-04-13,Lidl 2481 KILKENNY,?53.06,Groceries,2024-04-13,53.06
"Apr 19, 2023",Sky Ireland TV & Broadband,-71.72,Utilities & Bills,2023-04-19,71.72
"Sep 20, 2024",Boojum Burrito DUBLIN,-?37.18,Dining & Takeaway,2024-09-20,37.18
2024.06.01,Costa Coffee GALWAY,-28.72,Dining & Takeaway,2024-06-01,28.72
2023-08-22,tesco express,-62.32,Groceries,2023-08-22,62.32
2025-03-12,  Amazon.de Purchase   ,-79.19,Shopping,2025-03-12,79.19
2024.05.29,apple.com/bill,?4.99,Entertainment & Subscriptions,2024-05-29,4.99
2025-05-02,Council Tax Payment,-71.10,Utilities & Bills,2025-05-02,71.1
2024-04-16,SPOTIFY AB 7136 EUR,?13.31,Entertainment & Subscriptions,2024-04-16,13.31
2024-04-23,zara ireland bray,169.69 EUR,Shopping,2024-04-23,169.69
2023-07-20,SPAR EXPRESS DUNDALK,?8.50,Groceries,2023-07-20,8.5
2024-09-22,JUST EAT 7528,-41.02,Dining & Takeaway,2024-09-22,41.02
2025-01-25,  Tesco Store #4873   ,-64.32,Groceries,2025-01-25,64.32
2023-06-30,Amazon.de Purchase,-?30.77,Shopping,2023-06-30,30.77
12/04/2023,DUBLIN BUS 3587,?24.18,Transport,2023-04-12,24.18
2023-04-03,lidl 6992 dundalk,-?120.97,Groceries,2023-04-03,120.97
2024-01-01,DELIVEROO.IE *1941,-15.77,Dining & Takeaway,2024-01-01,15.77
2023-06-15,  DUNNES STORES CORK   ,-?8.50,Groceries,2023-06-15,8.5
2024-12-02,netflix.com monthly,-?28.28,Entertainment & Subscriptions,2024-12-02,28.28
"May 28, 2025",SPAR EXPRESS CORK,-41.14,Groceries,2025-05-28,41.14
2023-04-04,VODAFONE BILL PAY,-71.16,Utilities & Bills,2023-04-04,71.16
2023-06-13,ALDI IRELAND GMBH,-?60.18,Groceries,2023-06-13,60.18
2023-03-05,  Nandos CORK   ,-?65.21,Dining & Takeaway,2023-03-05,65.21
2023-11-14,SHELL PETROL 2388,-22.69,Transport,2023-11-14,22.69
2023-04-24,LEAP CARD AUTO TOPUP,-?22.57,Transport,2023-04-24,22.57
30/11/2024,Steam Games Purchase,-?40.51,Entertainment & Subscriptions,2024-11-30,40.51
"Jul 18, 2024",ALDI STORE 9397,-?49.77,Groceries,2024-07-18,49.77
"Nov 17, 2023",DELIVEROO.IE *5288,22.61 EUR,Dining & Takeaway,2023-11-17,22.61
"Feb 25, 2024",DUNNES STORES DUBLIN,-60.41,Groceries,2024-02-25,60.41
2024-07-21,Lidl 7936 KILKENNY,?77.26,Groceries,2024-07-21,77.26
2023-04-03,APPLE.COM/BILL,?4.99,Entertainment & Subscriptions,2023-04-03,4.99
2024-07-04,Gourmet Burger Kitchen,3.80,Dining & Takeaway,2024-07-04,3.8
2023-10-20,Dominos Pizza DUNDALK,-3.80,Dining & Takeaway,2023-10-20,3.8
"Apr 02, 2023",  DISNEY PLUS MONTHLY   ,-?18.90,Entertainment & Subscriptions,2023-04-02,18.9
2023-10-27,  McDonalds SWORDS   ,-27.09,Dining & Takeaway,2023-10-27,27.09
2024-06-13,DART TICKET MACHINE,-26.85,Transport,2024-06-13,26.85
2025-04-24,apple.com/bill,-18.02,Entertainment & Subscriptions,2025-04-24,18.02
2024-11-26,  Gourmet Burger Kitchen   ,?24.46,Dining & Takeaway,2024-11-26,24.46
2023-09-04,McDonalds DUBLIN,-19.57,Dining & Takeaway,2023-09-04,19.57
"Nov 24, 2023",LEAP CARD AUTO TOPUP,-33.22,Transport,2023-11-24,33.22
28/01/2024,  ALDI IRELAND GMBH   ,-?73.77,Groceries,2024-01-28,73.77
"Jul 11, 2023",amzn prime member,?4.99,Entertainment & Subscriptions,2023-07-11,4.99
2023-05-31,Costa Coffee GALWAY,-37.66,Dining & Takeaway,2023-05-31,37.66
"Mar 12, 2024",just eat 6694,-44.06,Dining & Takeaway,2024-03-12,44.06
27/03/2025,,-24.04,Transport,2025-03-27,24.04
14/08/2024,Insomnia Coffee Co,?54.04,Dining & Takeaway,2024-08-14,54.04
2025-01-12,Tesco Express,-?14.36,Groceries,2025-01-12,14.36
2023-11-14,ALDI IRELAND GMBH,-86.85,Groceries,2023-11-14,86.85
13/06/2025,SPAR EXPRESS DUBLIN,?53.88,Groceries,2025-06-13,53.88
2025-06-27,  TFI Leap Card Topup   ,-28.97,Transport,2025-06-27,28.97
2025-05-17,LEAP CARD AUTO TOPUP,?27.12,Transport,2025-05-17,27.12
2023-04-25,Amzn Prime Member,-?23.32,Entertainment & Subscriptions,2023-04-25,23.32
2024-07-02,Netflix.com monthly,18.88,Entertainment & Subscriptions,2024-07-02,18.88
2025-04-08,  EIR TELECOM DIRECT DEBIT   ,-65.18,Utilities & Bills,2025-04-08,65.18
03/02/2025,Tesco Store #3967,70.72,Groceries,2025-02-03,70.72
2024-06-08,aldi store 4476,-?8.50,Groceries,2024-06-08,8.5
2025.03.21,  Brown Thomas Dublin   ,-55.38,Shopping,2025-03-21,55.38
2025-04-03,TESCO EXTRA BRAY,?26.15,Groceries,2025-04-03,26.15
2024-09-18,Steam Games Purchase,-8.37,Entertainment & Subscriptions,2024-09-18,8.37
01/07/2024,TESCO EXTRA LIMERICK,58.28 EUR,Groceries,2024-07-01,58.28
2024-09-22,  EIR TELECOM DIRECT DEBIT   ,80.81,Utilities & Bills,2024-09-22,80.81
2024-10-12,  APPLE STORE RETAIL   ,-?154.86,Shopping,2024-10-12,154.86
08/11/2023,DELIVEROO.IE *6071,21.11,Dining & Takeaway,2023-11-08,21.11
17/05/2025,JUST EAT 2644,-52.29,Dining & Takeaway,2025-05-17,52.29
20/08/2023,ALDI STORE 5669,?56.98,Groceries,2023-08-20,56.98
2024-04-10,  DELIVEROO.IE *6643   ,-23.90,Dining & Takeaway,2024-04-10,23.9
2023-11-30,Apple.Com/Bill,-19.89,Entertainment & Subscriptions,2023-11-30,19.89
2024-08-29,dominos pizza dundalk,-25.07,Dining & Takeaway,2024-08-29,25.07
2023-03-22,just eat 2665,?33.16,Dining & Takeaway,2023-03-22,33.16
2024-04-15,  ALDI IRELAND GMBH   ,-9.53,Groceries,2024-04-15,9.53
2023-07-12,irish rail online,-?40.39,Transport,2023-07-12,40.39
2023-02-07,  Audible UK Monthly   ,-17.37,Entertainment & Subscriptions,2023-02-07,17.37
2023-04-22,Nandos LIMERICK,-35.56,Dining & Takeaway,2023-04-22,35.56
03/02/2025,tesco express,-62.26,Groceries,2025-02-03,62.26
2023-12-13,Nandos LIMERICK,?11.83,Dining & Takeaway,2023-12-13,11.83
14/05/2025,Irish Water Direct Debit,67.57 EUR,Utilities & Bills,2025-05-14,67.57
2024.12.19,The Local Pub & Grill,-4.91,Dining & Takeaway,2024-12-19,4.91
16/10/2024,  Tesco Store #7189   ,-?14.95,Groceries,2024-10-16,14.95
"Jan 28, 2025",brown thomas dublin,-183.08,Shopping,2025-01-28,183.08
04/05/2023,BOOTS PHARMACY DUBLIN,-?121.01,Shopping,2023-05-04,121.01
15/06/2023,Dentist Clinic Dublin,?18.19,Health & Fitness,2023-06-15,18.19
2023-12-08,ALDI STORE 8392,106.19,Groceries,2023-12-08,106.19
2025-06-18,,-30.02,Groceries,2025-06-18,30.02
2024.03.23,FREE NOW TAXI DUBLIN,-8.01,Transport,2024-03-23,8.01
2023-11-07,Holland & Barrett DUNDALK,?31.29,Health & Fitness,2023-11-07,31.29
07/07/2024,ALDI IRELAND GMBH,68.99 EUR,Groceries,2024-07-07,68.99
2023-02-16,free now taxi dublin,38.15,Transport,2023-02-16,38.15
15/01/2024,Dominos Pizza GALWAY,-40.79,Dining & Takeaway,2024-01-15,40.79
23/08/2023,steam games purchase,-18.08,Entertainment & Subscriptions,2023-08-23,18.08
2025-06-27,SuperValu DUNDALK,-63.91,Groceries,2025-06-27,63.91
2025-04-12,IKEA DUBLIN STORE,?54.86,Shopping,2025-04-12,54.86
2023-03-21,SHELL PETROL 1316,?37.21,Transport,2023-03-21,37.21
28/11/2023,ODEON CINEMAS DUNDALK,11.57 EUR,Entertainment & Subscriptions,2023-11-28,11.57
"Jun 24, 2024",Lidl 4439 DUBLIN,-51.66,Groceries,2024-06-24,51.66
2023-12-12,TFI Leap Card Topup,-?5.21,Transport,2023-12-12,5.21
26/05/2023,Lidl Ireland,93.93,Groceries,2023-05-26,93.93
2023-05-06,LEAP CARD AUTO TOPUP,-17.48,Transport,2023-05-06,17.48
"Sep 04, 2024",ALDI STORE 6509,-44.19,Groceries,2024-09-04,44.19
2024-08-14,UBER *TRIP 3832,?34.90,Transport,2024-08-14,34.9
2023.09.05,Boojum Burrito KILKENNY,-?456.74,Dining & Takeaway,2023-09-05,456.74
08/02/2025,  Audible UK Monthly   ,-?13.09,Entertainment & Subscriptions,2025-02-08,13.09
2023-11-05,Gourmet Burger Kitchen,?43.03,Dining & Takeaway,2023-11-05,43.03
2023-06-13,YOUTUBE PREMIUM,-18.11,Entertainment & Subscriptions,2023-06-13,18.11
14/01/2023,YOUTUBE PREMIUM,-6.03,Entertainment & Subscriptions,2023-01-14,6.03
2024-09-03,Nandos Galway,-?67.68,Dining & Takeaway,2024-09-03,67.68
20/06/2025,SuperValu KILKENNY,-65.26,Groceries,2025-06-20,65.26
08/02/2023,lidl ireland,-?77.71,Groceries,2023-02-08,77.71
2023-07-09,tesco store #4277,?46.85,Groceries,2023-07-09,46.85
"Jun 16, 2023",Gourmet Burger Kitchen,?11.25,Dining & Takeaway,2023-06-16,11.25
12/12/2024,Costa Coffee KILKENNY,-60.69,Dining & Takeaway,2024-12-12,60.69
2024-09-08,TESCO EXTRA GALWAY,-71.47,Groceries,2024-09-08,71.47
27/07/2024,THE LOCAL PUB & GRILL,-4.78,Dining & Takeaway,2024-07-27,4.78
"Jun 23, 2024",Gourmet Burger Kitchen,6.16,Dining & Takeaway,2024-06-23,6.16
2025-02-28,Nandos LIMERICK,-26.46,Dining & Takeaway,2025-02-28,26.46
2023-06-19,SuperValu KILKENNY,-51.74,Groceries,2023-06-19,51.74
2023-08-15,LIDL IRELAND,-?94.86,Groceries,2023-08-15,94.86
2025.06.03,Netflix.com monthly,-23.62,Entertainment & Subscriptions,2025-06-03,23.62
2024-12-21,  UBER *TRIP 2494   ,-?38.44,Transport,2024-12-21,38.44
"May 29, 2023",ALDI IRELAND GMBH,-54.00,Groceries,2023-05-29,54.0
2023-09-11,LEAP CARD AUTO TOPUP,-29.52,Transport,2023-09-11,29.52
"Oct 12, 2023",LEAP CARD AUTO TOPUP,-4.30,Transport,2023-10-12,4.3
2023.05.17,DELIVEROO.IE *3664,-43.81,Dining & Takeaway,2023-05-17,43.81
2023-03-03,Lidl 5553 KILKENNY,?52.18,Groceries,2023-03-03,52.18
2024-02-14,  DELIVEROO.IE *8877   ,-16.59,Dining & Takeaway,2024-02-14,16.59
30/11/2024,IRISH RAIL ONLINE,-?16.35,Transport,2024-11-30,16.35
21/05/2024,insomnia coffee co,17.07,Dining & Takeaway,2024-05-21,17.07
2023-04-11,Tesco Store #4731,101.06,Groceries,2023-04-11,101.06
27/01/2023,BOOTS PHARMACY CORK,-178.74,Shopping,2023-01-27,178.74
"May 19, 2024",Costa Coffee GALWAY,-11.15,Dining & Takeaway,2024-05-19,11.15
14/01/2024,Gym Plus Membership,-51.76,Health & Fitness,2024-01-14,51.76
09/05/2025,  FLYEfit Gym Monthly DD   ,?12.73,Health & Fitness,2025-05-09,12.73
2023.08.26,DISNEY PLUS MONTHLY,-6.41,Entertainment & Subscriptions,2023-08-26,6.41
2025-01-16,YOUTUBE PREMIUM,,Entertainment & Subscriptions,2025-01-16,10.49
2025-02-22,ZARA IRELAND LIMERICK,-76.80,Shopping,2025-02-22,76.8
2024-12-02,lidl 9110 dundalk,-?56.28,Groceries,2024-12-02,56.28
28/04/2023,ALDI IRELAND GMBH,?65.20,Groceries,2023-04-28,65.2
2023-03-18,  Insomnia Coffee Co   ,?78.24,Dining & Takeaway,2023-03-18,78.24
2023-08-10,Marks & Spencer Food,-?8.50,Groceries,2023-08-10,8.5
2024-05-17,ODEON CINEMAS CORK,4.99 EUR,Entertainment & Subscriptions,2024-05-17,4.99
2023-03-26,TESCO EXTRA DUNDALK,29.44 EUR,Groceries,2023-03-26,29.44
2023.08.10,Holland & Barrett GALWAY,-?36.22,Health & Fitness,2023-08-10,36.22
10/07/2023,VODAFONE BILL PAY,170.31,Utilities & Bills,2023-07-10,170.31
2024-06-05,Marks & Spencer Food,-32.63,Groceries,2024-06-05,32.63
2025-01-16,DELIVEROO.IE *9514,-?19.14,Dining & Takeaway,2025-01-16,19.14
12/12/2023,SPAR EXPRESS BRAY,?97.98,Groceries,2023-12-12,97.98
2023-11-14,AMZN PRIME MEMBER,-?4.99,Entertainment & Subscriptions,2023-11-14,4.99
2024.04.26,Audible UK Monthly,-4.99,Entertainment & Subscriptions,2024-04-26,4.99
04/05/2024,,-?26.86,Dining & Takeaway,2024-05-04,26.86
02/03/2024,,-?54.69,Groceries,2024-03-02,54.69
"May 26, 2023",mcdonalds dundalk,-9.05,Dining & Takeaway,2023-05-26,9.05
2025-04-10,AMZN Mktp UK*1764,-?70.82,Shopping,2025-04-10,70.82
2023-09-08,ZARA IRELAND DUNDALK,-10.00,Shopping,2023-09-08,10.0
2023-07-30,SPAR EXPRESS SWORDS,-68.35,Groceries,2023-07-30,68.35
2024-11-19,aldi ireland gmbh,-68.47,Groceries,2024-11-19,68.47
05/04/2024,SHELL PETROL 4232,-52.13,Transport,2024-04-05,52.13
23/06/2023,BOOTS PHARMACY LIMERICK,-129.03,Shopping,2023-06-23,129.03
21/04/2024,Supervalu Kilkenny,-?58.07,Groceries,2024-04-21,58.07
2025-05-18,costa coffee galway,-62.08,Dining & Takeaway,2025-05-18,62.08
2024-12-19,Nandos DUBLIN,?44.36,Dining & Takeaway,2024-12-19,44.36
2023-06-06,  Marks & Spencer Food   ,-?71.57,Groceries,2023-06-06,71.57
2023-09-25,DELIVEROO.IE *4168,-?40.14,Dining & Takeaway,2023-09-25,40.14
"Sep 02, 2023",  Netflix.com monthly   ,-9.01,Entertainment & Subscriptions,2023-09-02,9.01
2023.04.05,Tesco Express,-31.14,Groceries,2023-04-05,31.14
2025-02-14,LIDL IRELAND,-108.66,Groceries,2025-02-14,108.66
05/06/2025,  CIRCLE K SWORDS   ,-22.43,Transport,2025-06-05,22.43
"Nov 25, 2023",TK MAXX LIMERICK,,Shopping,2023-11-25,112.73
2025-04-06,DELIVEROO.IE *6586,44.06,Dining & Takeaway,2025-04-06,44.06
2024-11-29,  Insomnia Coffee Co   ,-?49.76,Dining & Takeaway,2024-11-29,49.76
2023-08-07,APPLE STORE RETAIL,-10.00,Shopping,2023-08-07,10.0
"Feb 26, 2023",VODAFONE BILL PAY,?145.07,Utilities & Bills,2023-02-26,145.07
2023-07-27,Nandos BRAY,,Dining & Takeaway,2023-07-27,64.9
2025-04-10,JUST EAT 9846,32.46,Dining & Takeaway,2025-04-10,32.46
2025-04-03,  DUNNES STORES LIMERICK   ,-57.52,Groceries,2025-04-03,57.52
2024-04-03,  TESCO EXTRA CORK   ,-30.37,Groceries,2024-04-03,30.37
2025-04-05,Starbucks Coffee #1436,-46.98,Dining & Takeaway,2025-04-05,46.98
2023-11-22,,-?40.03,Dining & Takeaway,2023-11-22,40.03
2023-10-17,Gourmet Burger Kitchen,-?12.31,Dining & Takeaway,2023-10-17,12.31
22/03/2025,playstation network 1221,-6.94,Entertainment & Subscriptions,2025-03-22,6.94
21/10/2024,LEAP CARD AUTO TOPUP,29.17,Transport,2024-10-21,29.17
2025-04-08,SPAR EXPRESS DUBLIN,-?65.70,Groceries,2025-04-08,65.7
"May 23, 2024",Playstation Network 2422,-37.02,Entertainment & Subscriptions,2024-05-23,37.02
2024.08.28,  ASOS.COM ORDERS   ,?52.78,Shopping,2024-08-28,52.78
2023.03.31,LEAP CARD AUTO TOPUP,-?43.44,Transport,2023-03-31,43.44
"Apr 25, 2023",  Costa Coffee SWORDS   ,-4.46,Dining & Takeaway,2023-04-25,4.46
2023-07-13,Applegreen Motorway Services,28.77 EUR,Transport,2023-07-13,28.77
2025-06-29,Gourmet Burger Kitchen,-41.07,Dining & Takeaway,2025-06-29,41.07
14/01/2024,ALDI STORE 2302,?55.69,Groceries,2024-01-14,55.69
2024-06-04,Netflix.com monthly,-?8.90,Entertainment & Subscriptions,2024-06-04,8.9
"Jun 11, 2023",DUBLIN BUS 8123,-2.40,Transport,2023-06-11,2.4
2025-06-28,DISNEY PLUS MONTHLY,-18.95,Entertainment & Subscriptions,2025-06-28,18.95
20/02/2023,Lidl 4793 CORK,-?66.39,Groceries,2023-02-20,66.39
2025-05-03,  CIRCLE K CORK   ,?63.89,Transport,2025-05-03,63.89
10/05/2025,Physiotherapy Care Dublin,-53.58,Health & Fitness,2025-05-10,53.58
14/06/2023,LIDL IRELAND,-?52.52,Groceries,2023-06-14,52.52
2023-07-14,amazon.de purchase,-?10.00,Shopping,2023-07-14,10.0
2025.05.18,McDonalds DUNDALK,-26.29,Dining & Takeaway,2025-05-18,26.29
2024-03-18,CIRCLE K BRAY,-?25.03,Transport,2024-03-18,25.03
2024-10-03,Mcdonalds Bray,-37.64,Dining & Takeaway,2024-10-03,37.64
13/03/2024,Amazon.de Purchase,-119.57,Shopping,2024-03-13,119.57
2024-01-22,DUNNES STORES CORK,-8.50,Groceries,2024-01-22,8.5
2024-01-28,APPLE STORE RETAIL,,Shopping,2024-01-28,60.61
"Feb 14, 2025",Lidl 2765 SWORDS,-?70.07,Groceries,2025-02-14,70.07
02/12/2024,AMZN PRIME MEMBER,-?13.95,Entertainment & Subscriptions,2024-12-02,13.95
"Aug 06, 2024",ALDI IRELAND GMBH,96.61,Groceries,2024-08-06,96.61
"Jan 12, 2025",EIR TELECOM DIRECT DEBIT,-?198.66,Utilities & Bills,2025-01-12,198.66
09/05/2024,  Tesco Express   ,?103.76,Groceries,2024-05-09,103.76
2024-11-23,  Starbucks Coffee #8594   ,-?29.56,Dining & Takeaway,2024-11-23,29.56
2024-08-09,ODEON CINEMAS DUNDALK,4.99,Entertainment & Subscriptions,2024-08-09,4.99
22/03/2023,DELIVEROO.IE *8231,-36.93,Dining & Takeaway,2023-03-22,36.93
13/03/2024,Audible UK Monthly,-4.99,Entertainment & Subscriptions,2024-03-13,4.99
2024.03.27,JUST EAT 2111,-42.38,Dining & Takeaway,2024-03-27,42.38
20/06/2024,Insomnia Coffee Co,-45.54,Dining & Takeaway,2024-06-20,45.54
2024-02-05,SPOTIFY AB 4873 EUR,-?35.37,Entertainment & Subscriptions,2024-02-05,35.37
2023-04-08,Physiotherapy Care Dublin,-?21.46,Health & Fitness,2023-04-08,21.46
2024-09-05,THE LOCAL PUB & GRILL,35.65 EUR,Dining & Takeaway,2024-09-05,35.65
2024.11.08,ASOS.COM ORDERS,?18.25,Shopping,2024-11-08,18.25
2023-06-20,penneys primark limerick,-?82.77,Shopping,2023-06-20,82.77
2024-03-30,  FLYEfit Gym Monthly DD   ,63.14 EUR,Health & Fitness,2024-03-30,63.14
2023.07.12,Uber *Trip 2241,-2.40,Transport,2023-07-12,2.4
01/10/2023,Lidl 8726 DUNDALK,?31.92,Groceries,2023-10-01,31.92
08/04/2023,ODEON CINEMAS SWORDS,51.31,Entertainment & Subscriptions,2023-04-08,51.31
2025-06-02,dunnes stores dundalk,-48.24,Groceries,2025-06-02,48.24
19/06/2024,Lidl Ireland,-73.12,Groceries,2024-06-19,73.12
20/11/2024,boojum burrito dublin,-14.75,Dining & Takeaway,2024-11-20,14.75
2023-10-03,  Tesco Store #2663   ,-?65.57,Groceries,2023-10-03,65.57
2023-07-26,  Irish Water Direct Debit   ,?54.71,Utilities & Bills,2023-07-26,54.71
17/12/2023,  PLAYSTATION NETWORK 8261   ,?12.02,Entertainment & Subscriptions,2023-12-17,12.02
2023-06-15,Tesco Express,-36.54,Groceries,2023-06-15,36.54
2023-12-13,  Dominos Pizza DUNDALK   ,-5.34,Dining & Takeaway,2023-12-13,5.34
2025.04.26,Marks & Spencer Food,-70.27,Groceries,2025-04-26,70.27
2023-06-24,LIDL IRELAND,-8.68,Groceries,2023-06-24,8.68
2025-04-15,  AMZN Mktp UK*5507   ,131.45,Shopping,2025-04-15,131.45
08/01/2023,Lidl 1897 DUNDALK,?74.78,Groceries,2023-01-08,74.78
2024-01-19,  ALDI STORE 3269   ,-?101.89,Groceries,2024-01-19,101.89
2024-06-15,Audible UK Monthly,?16.62,Entertainment & Subscriptions,2024-06-15,16.62
14/01/2023,THE LOCAL PUB & GRILL,-31.75,Dining & Takeaway,2023-01-14,31.75
2023-06-22,TFI Leap Card Topup,-9.44,Transport,2023-06-22,9.44
2024.06.08,dentist clinic dublin,?12.00,Health & Fitness,2024-06-08,12.0
2024-12-16,gym plus membership,17.66,Health & Fitness,2024-12-16,17.66
2023-05-17,AMZN Mktp UK*3097,-?68.86,Shopping,2023-05-17,68.86
2024.02.02,TFI Leap Card Topup,17.44,Transport,2024-02-02,17.44
2023-05-29,SuperValu LIMERICK,85.34,Groceries,2023-05-29,85.34
2023-12-25,decathlon sports ireland,-107.82,Shopping,2023-12-25,107.82
02/11/2024,Deliveroo.Ie *3378,74.94,Dining & Takeaway,2024-11-02,74.94
23/02/2024,  ALDI IRELAND GMBH   ,-48.42,Groceries,2024-02-23,48.42
2024-06-17,  AER LINGUS DUBLIN   ,213.76 EUR,Travel,2024-06-17,213.76
31/01/2024,marks & spencer food,-?112.57,Groceries,2024-01-31,112.57
2024-05-30,tesco extra cork,-?82.13,Groceries,2024-05-30,82.13
27/07/2024,Lidl 6439 KILKENNY,-101.15,Groceries,2024-07-27,101.15
2024-10-21,TESCO EXTRA BRAY,-?60.47,Groceries,2024-10-21,60.47
2023.03.29,TESCO EXTRA LIMERICK,-?23.64,Groceries,2023-03-29,23.64
2024-10-22,  ALDI IRELAND GMBH   ,-?12.59,Groceries,2024-10-22,12.59
2025-04-21,Insomnia Coffee Co,-5.19,Dining & Takeaway,2025-04-21,5.19
27/03/2023,tesco express,-?51.83,Groceries,2023-03-27,51.83
2024-08-22,Steam Games Purchase,36.48,Entertainment & Subscriptions,2024-08-22,36.48
2023-04-02,dart ticket machine,-11.73,Transport,2023-04-02,11.73
"Jun 05, 2024",Lidl 7194 DUBLIN,-106.72,Groceries,2024-06-05,106.72
2023.11.02,ODEON CINEMAS DUBLIN,?21.37,Entertainment & Subscriptions,2023-11-02,21.37
2024-09-28,FREE NOW TAXI DUBLIN,?6.92,Transport,2024-09-28,6.92
2023-01-31,insomnia coffee co,-?20.96,Dining & Takeaway,2023-01-31,20.96
2024-02-16,Physiotherapy Care Dublin,-?19.84,Health & Fitness,2024-02-16,19.84
"Jun 02, 2025",Costa Coffee DUNDALK,-?47.67,Dining & Takeaway,2025-06-02,47.67
2024-11-23,RYANAIR *1629 AIRLINE,64.73 EUR,Travel,2024-11-23,64.73
2024-04-20,,-?5.94,Transport,2024-04-20,5.94
2023-01-23,DUNNES STORES SWORDS,-60.71,Groceries,2023-01-23,60.71
31/03/2024,Steam Games Purchase,-?6.24,Entertainment & Subscriptions,2024-03-31,6.24
2025-04-24,APPLE.COM/BILL,?12.25,Entertainment & Subscriptions,2025-04-24,12.25
2025-03-23,TK MAXX KILKENNY,-589.77,Shopping,2025-03-23,589.77
2023-04-24,,?34.82,Groceries,2023-04-24,34.82
2023-11-22,  VODAFONE BILL PAY   ,80.76 EUR,Utilities & Bills,2023-11-22,80.76
23/05/2024,  ALDI IRELAND GMBH   ,-51.32,Groceries,2024-05-23,51.32
2025-05-22,AMZN Mktp UK*8212,-115.33,Shopping,2025-05-22,115.33
2025-02-16,ODEON CINEMAS DUBLIN,-6.81,Entertainment & Subscriptions,2025-02-16,6.81
2023.06.09,TESCO EXTRA SWORDS,-?8.50,Groceries,2023-06-09,8.5
2023-05-19,  TFI Leap Card Topup   ,-10.38,Transport,2023-05-19,10.38
06/01/2024,  Tesco Express   ,-?92.56,Groceries,2024-01-06,92.56
2023-10-24,Leap Card Auto Topup,?2.40,Transport,2023-10-24,2.4
2025-06-14,CIRCLE K BRAY,10.28,Transport,2025-06-14,10.28
"Jan 14, 2023",Tesco Express,-?106.95,Groceries,2023-01-14,106.95
08/01/2023,spar express cork,82.56,Groceries,2023-01-08,82.56
2024.06.22,  TK MAXX LIMERICK   ,-10.00,Shopping,2024-06-22,10.0
2024-01-16,McDonalds CORK,-65.07,Dining & Takeaway,2024-01-16,65.07
2024.02.03,the local pub & grill,-243.68,Dining & Takeaway,2024-02-03,243.68
2023-04-06,Tesco Store #1560,-64.10,Groceries,2023-04-06,64.1
2023-11-12,JUST EAT 1747,?4.80,Dining & Takeaway,2023-11-12,4.8
2024.12.27,BOOTS PHARMACY DUBLIN,-78.80,Shopping,2024-12-27,78.8
2023-06-10,ALDI IRELAND GMBH,-49.00,Groceries,2023-06-10,49.0
2024-11-26,Gourmet Burger Kitchen,-42.13,Dining & Takeaway,2024-11-26,42.13
2024-07-21,Dominos Pizza CORK,-?12.49,Dining & Takeaway,2024-07-21,12.49
2023-10-30,Nandos LIMERICK,-?22.14,Dining & Takeaway,2023-10-30,22.14
"Aug 21, 2024",TK MAXX BRAY,-?643.01,Shopping,2024-08-21,643.01
2024-08-11,Audible UK Monthly,-40.67,Entertainment & Subscriptions,2024-08-11,40.67
2024-01-24,DELIVEROO.IE *8104,-35.54,Dining & Takeaway,2024-01-24,35.54
2025-06-02,Tesco Express,?42.40,Groceries,2025-06-02,42.4
"Nov 02, 2024",McDonalds BRAY,-56.87,Dining & Takeaway,2024-11-02,56.87
25/07/2023,Supervalu Bray,-17.31,Groceries,2023-07-25,17.31
"Mar 02, 2023",Uber *Trip 4205,-?32.46,Transport,2023-03-02,32.46
19/11/2024,Steam Games Purchase,?4.99,Entertainment & Subscriptions,2024-11-19,4.99
06/02/2023,  Dentist Clinic Dublin   ,-28.75,Health & Fitness,2023-02-06,28.75
10/07/2024,Spar Express Dublin,,Groceries,2024-07-10,87.83
"Feb 28, 2023",Boots Healthcare DUBLIN,-?46.27,Health & Fitness,2023-02-28,46.27
2023-06-03,  ALDI IRELAND GMBH   ,78.61,Groceries,2023-06-03,78.61
2024-03-10,  Gym Plus Membership   ,20.88 EUR,Health & Fitness,2024-03-10,20.88
07/12/2023,Costa Coffee KILKENNY,?37.63,Dining & Takeaway,2023-12-07,37.63
20/02/2023,UBER *TRIP 4373,-25.02,Transport,2023-02-20,25.02
2024-03-02,leap card auto topup,?18.75,Transport,2024-03-02,18.75
02/05/2024,,-33.70,Dining & Takeaway,2024-05-02,33.7
2023-04-28,uber *trip 4597,-20.01,Transport,2023-04-28,20.01
2024-03-09,  SPAR EXPRESS DUNDALK   ,-81.42,Groceries,2024-03-09,81.42
2024-12-25,deliveroo.ie *2166,-5.73,Dining & Takeaway,2024-12-25,5.73
28/04/2025,THE LOCAL PUB & GRILL,-?29.81,Dining & Takeaway,2025-04-28,29.81
"Jun 22, 2024",  TESCO EXTRA LIMERICK   ,-?53.60,Groceries,2024-06-22,53.6
2024-08-14,Gourmet Burger Kitchen,-11.91,Dining & Takeaway,2024-08-14,11.91
2025-02-23,  Holland & Barrett GALWAY   ,-31.51,Health & Fitness,2025-02-23,31.51
2023-05-15,  ALDI STORE 3071   ,-73.15,Groceries,2023-05-15,73.15
2025-02-17,Steam Games Purchase,-?19.12,Entertainment & Subscriptions,2025-02-17,19.12
2023-11-14,Tesco Express,-104.02,Groceries,2023-11-14,104.02
03/06/2024,Boojum Burrito DUBLIN,-3.80,Dining & Takeaway,2024-06-03,3.8
11/02/2025,ODEON CINEMAS SWORDS,?12.23,Entertainment & Subscriptions,2025-02-11,12.23
2025.02.22,SuperValu GALWAY,-61.15,Groceries,2025-02-22,61.15
2024-09-23,Insomnia Coffee Co,-?42.69,Dining & Takeaway,2024-09-23,42.69
04/12/2024,THE LOCAL PUB & GRILL,-9.77,Dining & Takeaway,2024-12-04,9.77
2023-03-23,Boots Pharmacy Cork,-86.85,Shopping,2023-03-23,86.85
2024-08-27,CIRCLE K KILKENNY,21.58 EUR,Transport,2024-08-27,21.58
2023-01-31,Dublin Airport Parking,-?159.18,Travel,2023-01-31,159.18
11/03/2025,tesco extra limerick,?15.12,Groceries,2025-03-11,15.12
"Jul 16, 2023",IRISH RAIL ONLINE,-?15.23,Transport,2023-07-16,15.23
2025-01-26,AMZN PRIME MEMBER,-30.97,Entertainment & Subscriptions,2025-01-26,30.97
16/06/2023,Tesco Express,23.23,Groceries,2023-06-16,23.23
2024-06-29,IKEA DUBLIN STORE,-87.36,Shopping,2024-06-29,87.36
"Oct 16, 2023",ALDI STORE 2847,-?68.48,Groceries,2023-10-16,68.48
21/02/2025,AIRBNB * 7523,-?154.35,Travel,2025-02-21,154.35
05/02/2024,amzn prime member,-29.46,Entertainment & Subscriptions,2024-02-05,29.46
2024-03-14,  Netflix.com monthly   ,,Entertainment & Subscriptions,2024-03-14,23.39
2024-01-11,DART TICKET MACHINE,31.37,Transport,2024-01-11,31.37
2023-05-18,Marks & Spencer Food,-?32.41,Groceries,2023-05-18,32.41
"Nov 24, 2024",Bord Gais Energy DD,-117.63,Utilities & Bills,2024-11-24,117.63
2023-09-26,dublin bus 5627,-21.48,Transport,2023-09-26,21.48
"May 05, 2024",IKEA DUBLIN STORE,-?81.76,Shopping,2024-05-05,81.76
"Feb 04, 2025",  SHELL PETROL 6555   ,?12.73,Transport,2025-02-04,12.73
2024-02-27,Nandos LIMERICK,-29.69,Dining & Takeaway,2024-02-27,29.69
2023-01-26,VODAFONE BILL PAY,-35.00,Utilities & Bills,2023-01-26,35.0
2025-02-26,Starbucks Coffee #1194,-16.43,Dining & Takeaway,2025-02-26,16.43
18/08/2023,  SHELL PETROL 9962   ,-23.36,Transport,2023-08-18,23.36
2023-05-18,  SuperValu DUBLIN   ,?29.33,Groceries,2023-05-18,29.33
2024-03-18,physiotherapy care dublin,-75.40,Health & Fitness,2024-03-18,75.4
2023.05.09,The Local Pub & Grill,-14.07,Dining & Takeaway,2023-05-09,14.07
2024-07-24,booking.com hotel,-128.56,Travel,2024-07-24,128.56
27/11/2024,SHELL PETROL 4043,-2.40,Transport,2024-11-27,2.4
2024-01-08,Insomnia Coffee Co,-30.33,Dining & Takeaway,2024-01-08,30.33
01/07/2023,SuperValu KILKENNY,-35.22,Groceries,2023-07-01,35.22
"Jul 25, 2024",ASOS.COM ORDERS,102.20 EUR,Shopping,2024-07-25,102.2
31/10/2023,DUNNES STORES CORK,-44.59,Groceries,2023-10-31,44.59
04/01/2024,SPOTIFY AB 6655 EUR,36.98,Entertainment & Subscriptions,2024-01-04,36.98
19/09/2024,Lidl Ireland,-?80.86,Groceries,2024-09-19,80.86
2024.08.31,SPAR EXPRESS DUBLIN,?72.71,Groceries,2024-08-31,72.71
2023-06-23,  Marks & Spencer Food   ,94.91,Groceries,2023-06-23,94.91
18/05/2023,odeon cinemas kilkenny,-?30.92,Entertainment & Subscriptions,2023-05-18,30.92
2023-09-14,THE LOCAL PUB & GRILL,-?15.96,Dining & Takeaway,2023-09-14,15.96
2023-05-02,TFI Leap Card Topup,?7.57,Transport,2023-05-02,7.57
25/11/2023,Gourmet Burger Kitchen,?19.28,Dining & Takeaway,2023-11-25,19.28
2023-05-30,Lidl Ireland,-33.51,Groceries,2023-05-30,33.51
05/05/2025,  Tesco Express   ,-25.43,Groceries,2025-05-05,25.43
2024.04.20,Netflix.com monthly,-?31.97,Entertainment & Subscriptions,2024-04-20,31.97
"Oct 20, 2023",Irish Rail Online,-?2.40,Transport,2023-10-20,2.4
2023-01-02,Boojum Burrito CORK,-46.75,Dining & Takeaway,2023-01-02,46.75
03/06/2023,Nandos DUBLIN,?13.65,Dining & Takeaway,2023-06-03,13.65
2024.10.01,Boots Pharmacy Bray,-57.29,Shopping,2024-10-01,57.29
2023-10-29,lidl 5193 limerick,-93.19,Groceries,2023-10-29,93.19
2025.03.24,BOOTS PHARMACY LIMERICK,-?163.42,Shopping,2025-03-24,163.42
2023-04-14,SHELL PETROL 1877,-?42.52,Transport,2023-04-14,42.52
2024-03-13,DELIVEROO.IE *1721,?54.79,Dining & Takeaway,2024-03-13,54.79
2024-02-02,Marks & Spencer Food,-?62.69,Groceries,2024-02-02,62.69
2025-06-08,ODEON CINEMAS SWORDS,-37.03,Entertainment & Subscriptions,2025-06-08,37.03
15/02/2024,UBER *TRIP 7063,-?35.54,Transport,2024-02-15,35.54
2023-01-17,ALDI STORE 3978,?73.28,Groceries,2023-01-17,73.28
"Apr 15, 2024",Costa Coffee CORK,-?48.87,Dining & Takeaway,2024-04-15,48.87
08/09/2024,Steam Games Purchase,?6.68,Entertainment & Subscriptions,2024-09-08,6.68
2024-10-10,  THE LOCAL PUB & GRILL   ,?11.84,Dining & Takeaway,2024-10-10,11.84
13/03/2023,Lidl Ireland,-?40.50,Groceries,2023-03-13,40.5
2024-02-23,dunnes stores dublin,-67.46,Groceries,2024-02-23,67.46
2024.09.01,  SPAR EXPRESS SWORDS   ,,Groceries,2024-09-01,31.47
29/06/2024,ZARA IRELAND DUNDALK,-?110.81,Shopping,2024-06-29,110.81
01/08/2023,VODAFONE BILL PAY,-?100.38,Utilities & Bills,2023-08-01,100.38
2024-02-29,TESCO EXTRA KILKENNY,-63.19,Groceries,2024-02-29,63.19
17/05/2024,YOUTUBE PREMIUM,-4.99,Entertainment & Subscriptions,2024-05-17,4.99
2024.10.21,Irish Water Direct Debit,-?172.71,Utilities & Bills,2024-10-21,172.71
2025-03-27,TFI Leap Card Topup,-24.99,Transport,2025-03-27,24.99
2024-09-03,Tesco Store #4471,-50.69,Groceries,2024-09-03,50.69
"Jun 24, 2025",boojum burrito cork,-35.09,Dining & Takeaway,2025-06-24,35.09
2025-06-17,Marks & Spencer Food,-28.62,Groceries,2025-06-17,28.62
01/01/2023,  Insomnia Coffee Co   ,-25.65,Dining & Takeaway,2023-01-01,25.65
2023-05-12,UBER *TRIP 5544,-2.40,Transport,2023-05-12,2.4
2023-10-13,IRISH RAIL ONLINE,-42.46,Transport,2023-10-13,42.46
2025-02-20,Amazon.de Purchase,?131.72,Shopping,2025-02-20,131.72
2025-01-16,APPLE STORE RETAIL,-?65.24,Shopping,2025-01-16,65.24
15/09/2023,  Applegreen Motorway Services   ,-49.56,Transport,2023-09-15,49.56
24/05/2025,Holland & Barrett GALWAY,32.74,Health & Fitness,2025-05-24,32.74
"Apr 27, 2024",BOOKING.COM HOTEL,?188.36,Travel,2024-04-27,188.36
26/01/2024,Free Now Taxi Dublin,-?2.40,Transport,2024-01-26,2.4
08/05/2023,Leap Card Auto Topup,?14.25,Transport,2023-05-08,14.25
19/07/2024,LEAP CARD AUTO TOPUP,6.75,Transport,2024-07-19,6.75
10/03/2023,TFI Leap Card Topup,-24.98,Transport,2023-03-10,24.98
2023.07.04,Gourmet Burger Kitchen,?31.74,Dining & Takeaway,2023-07-04,31.74
2023-11-25,McDonalds LIMERICK,-27.45,Dining & Takeaway,2023-11-25,27.45
2023-01-11,leap card auto topup,-2.40,Transport,2023-01-11,2.4
2023-01-02,Lidl 4994 SWORDS,-?69.88,Groceries,2023-01-02,69.88
15/10/2024,Dentist Clinic Dublin,-17.11,Health & Fitness,2024-10-15,17.11
2024-07-09,  BOOTS PHARMACY KILKENNY   ,-32.15,Shopping,2024-07-09,32.15
26/06/2025,  DELIVEROO.IE *5002   ,27.41,Dining & Takeaway,2025-06-26,27.41
2024-12-06,McDonalds SWORDS,-15.80,Dining & Takeaway,2024-12-06,15.8
2024-10-20,  Insomnia Coffee Co   ,-29.12,Dining & Takeaway,2024-10-20,29.12
2023-03-22,  TESCO EXTRA LIMERICK   ,-105.52,Groceries,2023-03-22,105.52
21/04/2023,Dominos Pizza GALWAY,-37.24,Dining & Takeaway,2023-04-21,37.24
11/09/2024,Amzn Prime Member,24.37,Entertainment & Subscriptions,2024-09-11,24.37
2024-01-26,  Applegreen Motorway Services   ,-15.99,Transport,2024-01-26,15.99
13/04/2023,lidl 7594 kilkenny,-76.74,Groceries,2023-04-13,76.74
2023-02-11,Dentist Clinic Dublin,-35.53,Health & Fitness,2023-02-11,35.53
30/09/2024,McDonalds SWORDS,-20.58,Dining & Takeaway,2024-09-30,20.58
19/05/2024,free now taxi dublin,40.57,Transport,2024-05-19,40.57
31/03/2023,shell petrol 2625,-?23.54,Transport,2023-03-31,23.54
"Mar 22, 2024",Lidl 5075 Bray,-37.27,Groceries,2024-03-22,37.27
2024-06-12,Lidl 4829 KILKENNY,?57.35,Groceries,2024-06-12,57.35
09/05/2025,SuperValu DUNDALK,-95.43,Groceries,2025-05-09,95.43
2024.10.24,LIDL IRELAND,-100.51,Groceries,2024-10-24,100.51
"Aug 18, 2023",Gourmet Burger Kitchen,299.72,Dining & Takeaway,2023-08-18,299.72
2023-10-30,Zara Ireland Dublin,-79.91,Shopping,2023-10-30,79.91
2024-08-18,JUST EAT 1688,-5.11,Dining & Takeaway,2024-08-18,5.11
2025-05-25,supervalu kilkenny,-56.06,Groceries,2025-05-25,56.06
2024-04-06,Tesco Express,-33.80,Groceries,2024-04-06,33.8
"Aug 04, 2023",Tesco Express,-70.75,Groceries,2023-08-04,70.75
2023-07-04,AMZN Mktp UK*8160,-38.80,Shopping,2023-07-04,38.8
2023-08-19,ikea dublin store,-?77.96,Shopping,2023-08-19,77.96
03/07/2024,Lidl 2433 DUBLIN,31.87,Groceries,2024-07-03,31.87
2024-01-10,leap card auto topup,-?25.11,Transport,2024-01-10,25.11
04/06/2024,  Boojum Burrito KILKENNY   ,-70.43,Dining & Takeaway,2024-06-04,70.43
2025-04-09,  Starbucks Coffee #5301   ,?12.07,Dining & Takeaway,2025-04-09,12.07
07/06/2024,Tesco Express,-42.45,Groceries,2024-06-07,42.45
12/03/2025,  BOOTS PHARMACY DUNDALK   ,-10.00,Shopping,2025-03-12,10.0
25/11/2023,Starbucks Coffee #9536,61.89,Dining & Takeaway,2023-11-25,61.89
2024-12-01,Gourmet Burger Kitchen,-?48.21,Dining & Takeaway,2024-12-01,48.21
2024-04-04,decathlon sports ireland,-?89.96,Shopping,2024-04-04,89.96
2024-12-04,DART TICKET MACHINE,-2.40,Transport,2024-12-04,2.4
2024-09-13,  DUNNES STORES GALWAY   ,-32.40,Groceries,2024-09-13,32.4
14/08/2023,TESCO EXTRA BRAY,-47.08,Groceries,2023-08-14,47.08
2025-04-07,  Gourmet Burger Kitchen   ,-44.28,Dining & Takeaway,2025-04-07,44.28
"May 15, 2023",Aldi Store 2195,-?45.24,Groceries,2023-05-15,45.24
05/03/2024,AMZN PRIME MEMBER,14.05 EUR,Entertainment & Subscriptions,2024-03-05,14.05
25/12/2023,,-128.71,Groceries,2023-12-25,128.71
"Mar 28, 2023",SPAR EXPRESS DUNDALK,82.64,Groceries,2023-03-28,82.64
12/06/2024,JUST EAT 9364,-4.53,Dining & Takeaway,2024-06-12,4.53
20/03/2023,DUBLIN BUS 8088,19.47 EUR,Transport,2023-03-20,19.47
2025-05-27,Tesco Store #3108,-14.25,Groceries,2025-05-27,14.25
2024-01-08,  Lidl 1554 KILKENNY   ,-67.31,Groceries,2024-01-08,67.31
11/05/2025,  DELIVEROO.IE *5889   ,-?4.98,Dining & Takeaway,2025-05-11,4.98
2025-05-10,ALDI IRELAND GMBH,-?36.50,Groceries,2025-05-10,36.5
"May 08, 2025",tesco express,-?40.42,Groceries,2025-05-08,40.42
2023-12-14,McDonalds SWORDS,-313.59,Dining & Takeaway,2023-12-14,313.59
2023-04-26,ZARA IRELAND KILKENNY,-?86.28,Shopping,2023-04-26,86.28
"Apr 02, 2025",Boots Healthcare Kilkenny,12.00,Health & Fitness,2025-04-02,12.0
2023.04.20,playstation network 4079,-?11.87,Entertainment & Subscriptions,2023-04-20,11.87
"May 13, 2025",lidl 3884 dublin,-83.04,Groceries,2025-05-13,83.04
2023-05-16,SPAR EXPRESS LIMERICK,-?85.34,Groceries,2023-05-16,85.34
2024-11-28,amazon.de purchase,-181.11,Shopping,2024-11-28,181.11
2025-02-28,Insomnia Coffee Co,9.87,Dining & Takeaway,2025-02-28,9.87
2024-04-12,Starbucks Coffee #2966,54.95,Dining & Takeaway,2024-04-12,54.95
2023.02.12,Starbucks Coffee #3019,-7.20,Dining & Takeaway,2023-02-12,7.2
2024-11-03,DISNEY PLUS MONTHLY,-24.26,Entertainment & Subscriptions,2024-11-03,24.26
2023-02-01,APPLE.COM/BILL,?9.56,Entertainment & Subscriptions,2023-02-01,9.56
26/04/2025,Steam Games Purchase,-11.54,Entertainment & Subscriptions,2025-04-26,11.54
14/07/2024,Insomnia Coffee Co,11.62 EUR,Dining & Takeaway,2024-07-14,11.62
2023-09-13,Marks & Spencer Food,-12.88,Groceries,2023-09-13,12.88
2024-08-02,the local pub & grill,?13.10,Dining & Takeaway,2024-08-02,13.1
2024.06.01,  Gourmet Burger Kitchen   ,-?46.50,Dining & Takeaway,2024-06-01,46.5
18/10/2024,Dominos Pizza SWORDS,-40.21,Dining & Takeaway,2024-10-18,40.21
2023-07-30,Tesco Store #5650,-58.14,Groceries,2023-07-30,58.14
2023-11-17,  Tesco Store #2690   ,?67.32,Groceries,2023-11-17,67.32
2023-05-26,,-?26.26,Groceries,2023-05-26,26.26
2024-03-21,AMZN Mktp UK*3764,13.31,Shopping,2024-03-21,13.31
2023-09-07,DUNNES STORES DUNDALK,-?44.30,Groceries,2023-09-07,44.3
2023-02-19,Free Now Taxi Dublin,-13.40,Transport,2023-02-19,13.4
"Jan 25, 2024",decathlon sports ireland,-56.64,Shopping,2024-01-25,56.64
2024-05-02,DELIVEROO.IE *6102,-?41.93,Dining & Takeaway,2024-05-02,41.93
18/07/2024,APPLE STORE RETAIL,?10.00,Shopping,2024-07-18,10.0
20/07/2024,SHELL PETROL 2789,2.40,Transport,2024-07-20,2.4
2023-10-25,Starbucks Coffee #9964,-45.91,Dining & Takeaway,2023-10-25,45.91
18/07/2023,Dominos Pizza Dublin,37.63,Dining & Takeaway,2023-07-18,37.63
16/02/2025,LEAP CARD AUTO TOPUP,-28.05,Transport,2025-02-16,28.05
2024.10.01,Boojum Burrito SWORDS,-52.18,Dining & Takeaway,2024-10-01,52.18
24/09/2023,Sky Ireland TV & Broadband,173.73,Utilities & Bills,2023-09-24,173.73
2024-12-05,Aldi Ireland Gmbh,-73.04,Groceries,2024-12-05,73.04
2024-11-17,asos.com orders,-55.72,Shopping,2024-11-17,55.72
08/03/2023,Tesco Store #7117,,Groceries,2023-03-08,31.93
28/07/2024,dominos pizza dundalk,-?49.92,Dining & Takeaway,2024-07-28,49.92
2025-06-06,costa coffee limerick,22.26,Dining & Takeaway,2025-06-06,22.26
09/11/2023,  TFI Leap Card Topup   ,31.79,Transport,2023-11-09,31.79
"Jan 11, 2025",Tesco Store #4361,-8.50,Groceries,2025-01-11,8.5
2024-05-08,  ZARA IRELAND KILKENNY   ,?30.80,Shopping,2024-05-08,30.8
"Feb 28, 2024",  Lidl 4026 LIMERICK   ,-11.41,Groceries,2024-02-28,11.41
2025-06-27,LIDL IRELAND,-?61.05,Groceries,2025-06-27,61.05
2023-06-19,Applegreen Motorway Services,-?16.11,Transport,2023-06-19,16.11
2023-11-13,  McDonalds CORK   ,-25.43,Dining & Takeaway,2023-11-13,25.43
2024-04-08,Audible UK Monthly,10.03,Entertainment & Subscriptions,2024-04-08,10.03
2024-11-10,  CIRCLE K BRAY   ,-?2.40,Transport,2024-11-10,2.4
2023-12-08,  Tesco Express   ,-135.30,Groceries,2023-12-08,135.3
2024-03-02,leap card auto topup,-4.45,Transport,2024-03-02,4.45
2024-06-03,Tesco Express,-?33.80,Groceries,2024-06-03,33.8
2023-08-02,LEAP CARD AUTO TOPUP,-16.40,Transport,2023-08-02,16.4
2023-07-26,shell petrol 1606,?4.27,Transport,2023-07-26,4.27
2025-03-07,JUST EAT 8129,-?3.80,Dining & Takeaway,2025-03-07,3.8
2024-09-23,LEAP CARD AUTO TOPUP,-19.37,Transport,2024-09-23,19.37
"Mar 18, 2023",  Applegreen Motorway Services   ,28.64,Transport,2023-03-18,28.64
2025-02-12,BOOTS PHARMACY LIMERICK,?157.57,Shopping,2025-02-12,157.57
2025.05.27,VIRGIN MEDIA IRELAND,-?35.00,Utilities & Bills,2025-05-27,35.0
"Aug 06, 2023",  DUBLIN BUS 1987   ,-37.03,Transport,2023-08-06,37.03
14/06/2025,AIRBNB * 7166,-?438.35,Travel,2025-06-14,438.35
29/11/2024,DUBLIN BUS 4036,-?2.40,Transport,2024-11-29,2.4
20/12/2024,  Nandos SWORDS   ,-5.44,Dining & Takeaway,2024-12-20,5.44
2023-09-30,  THE LOCAL PUB & GRILL   ,?12.82,Dining & Takeaway,2023-09-30,12.82
2024-03-05,ASOS.COM ORDERS,-51.96,Shopping,2024-03-05,51.96
2023-08-27,tesco express,-44.64,Groceries,2023-08-27,44.64
2023-07-13,  AIRBNB * 7736   ,-253.40,Travel,2023-07-13,253.4
2024-05-16,Netflix.com monthly,-26.29,Entertainment & Subscriptions,2024-05-16,26.29
"Dec 12, 2024",AMZN PRIME MEMBER,-?20.28,Entertainment & Subscriptions,2024-12-12,20.28
29/07/2023,SuperValu DUBLIN,-?38.23,Groceries,2023-07-29,38.23
2023.06.20,  LIDL IRELAND   ,-?8.50,Groceries,2023-06-20,8.5
"Jun 01, 2024",Dominos Pizza BRAY,-?17.97,Dining & Takeaway,2024-06-01,17.97
2024-02-21,Lidl 9671 LIMERICK,?53.62,Groceries,2024-02-21,53.62
2023-01-13,Marks & Spencer Food,?68.30,Groceries,2023-01-13,68.3
2025-05-11,Nandos Limerick,-?42.34,Dining & Takeaway,2025-05-11,42.34
04/08/2023,  Lidl 4168 KILKENNY   ,?67.32,Groceries,2023-08-04,67.32
29/07/2023,Dentist Clinic Dublin,-36.59,Health & Fitness,2023-07-29,36.59
10/10/2024,asos.com orders,-?103.12,Shopping,2024-10-10,103.12
2023-07-22,  YOUTUBE PREMIUM   ,-10.21,Entertainment & Subscriptions,2023-07-22,10.21
2024.03.25,  ALDI STORE 8973   ,-98.98,Groceries,2024-03-25,98.98
2023-05-16,Netflix.com monthly,-?4.99,Entertainment & Subscriptions,2023-05-16,4.99
04/07/2024,lidl 2537 limerick,-?85.97,Groceries,2024-07-04,85.97
20/05/2025,Tesco Express,?73.69,Groceries,2025-05-20,73.69
2023-07-03,  Costa Coffee DUNDALK   ,9.30,Dining & Takeaway,2023-07-03,9.3
2023.10.27,Brown Thomas Dublin,?128.55,Shopping,2023-10-27,128.55
2023-06-24,ALDI IRELAND GMBH,-51.34,Groceries,2023-06-24,51.34
21/04/2025,Starbucks Coffee #6081,-?42.02,Dining & Takeaway,2025-04-21,42.02
2025-03-28,Tesco Store #8960,-?25.45,Groceries,2025-03-28,25.45
2023-05-03,Netflix.com monthly,-20.64,Entertainment & Subscriptions,2023-05-03,20.64
"Jan 02, 2023",FLYEfit Gym Monthly DD,-52.50,Health & Fitness,2023-01-02,52.5
30/03/2025,DUBLIN BUS 7726,?18.29,Transport,2025-03-30,18.29
2024-04-10,LEAP CARD AUTO TOPUP,-2.40,Transport,2024-04-10,2.4
"Apr 03, 2025",Insomnia Coffee Co,-6.48,Dining & Takeaway,2025-04-03,6.48
2024.07.20,  PLAYSTATION NETWORK 4854   ,-?31.70,Entertainment & Subscriptions,2024-07-20,31.7
13/01/2025,Starbucks Coffee #6622,-?7.83,Dining & Takeaway,2025-01-13,7.83
2024-03-28,lidl ireland,-8.50,Groceries,2024-03-28,8.5
08/03/2024,AMZN Mktp UK*6528,-10.00,Shopping,2024-03-08,10.0
2024-09-05,amazon.de purchase,?56.55,Shopping,2024-09-05,56.55
2024-04-14,Lidl 7614 SWORDS,-59.07,Groceries,2024-04-14,59.07
2024-01-03,Marks & Spencer Food,-?50.89,Groceries,2024-01-03,50.89
"Dec 30, 2023",  IKEA DUBLIN STORE   ,-196.08,Shopping,2023-12-30,196.08
2023-04-12,UBER *TRIP 8303,?13.88,Transport,2023-04-12,13.88
15/05/2023,puregym direct debit,-19.30,Health & Fitness,2023-05-15,19.3
2024-11-27,Nandos BRAY,-20.81,Dining & Takeaway,2024-11-27,20.81
04/05/2024,marks & spencer food,?69.93,Groceries,2024-05-04,69.93
2023-04-20,Just Eat 7391,-?21.40,Dining & Takeaway,2023-04-20,21.4
20/11/2024,SuperValu KILKENNY,-27.37,Groceries,2024-11-20,27.37
22/07/2024,Irish Water Direct Debit,109.54,Utilities & Bills,2024-07-22,109.54
2024.12.29,Disney Plus Monthly,-?12.22,Entertainment & Subscriptions,2024-12-29,12.22
2023-03-11,JUST EAT 8835,-?9.08,Dining & Takeaway,2023-03-11,9.08
19/03/2024,LIDL IRELAND,-80.27,Groceries,2024-03-19,80.27
2024-08-05,virgin media ireland,-137.22,Utilities & Bills,2024-08-05,137.22
2023-08-22,AMZN PRIME MEMBER,-7.31,Entertainment & Subscriptions,2023-08-22,7.31
2024-07-21,tesco store #7710,66.16,Groceries,2024-07-21,66.16
"Feb 20, 2024",Lidl 8440 BRAY,?111.49,Groceries,2024-02-20,111.49
2024-01-01,VIRGIN MEDIA IRELAND,?71.21,Utilities & Bills,2024-01-01,71.21
2023-08-20,DART TICKET MACHINE,21.11,Transport,2023-08-20,21.11
2024-01-15,Boojum Burrito Dundalk,-32.06,Dining & Takeaway,2024-01-15,32.06
2023-01-02,  DUNNES STORES BRAY   ,-?45.13,Groceries,2023-01-02,45.13
2024-07-23,  Decathlon Sports Ireland   ,?124.79,Shopping,2024-07-23,124.79
01/04/2023,  DUBLIN BUS 6728   ,,Transport,2023-04-01,21.05
"Jun 03, 2024",Dominos Pizza BRAY,-19.74,Dining & Takeaway,2024-06-03,19.74
20/01/2025,VIRGIN MEDIA IRELAND,-?123.52,Utilities & Bills,2025-01-20,123.52
13/01/2024,SuperValu LIMERICK,-28.49,Groceries,2024-01-13,28.49
09/05/2025,PLAYSTATION NETWORK 3873,-12.28,Entertainment & Subscriptions,2025-05-09,12.28
2024.07.02,IKEA DUBLIN STORE,-?63.72,Shopping,2024-07-02,63.72
2025-02-08,ALDI STORE 6843,?54.15,Groceries,2025-02-08,54.15
2024-04-20,tfi leap card topup,?2.40,Transport,2024-04-20,2.4
2023-04-22,PureGym Direct Debit,-?25.04,Health & Fitness,2023-04-22,25.04
"May 07, 2025",Lidl 6450 DUBLIN,-62.88,Groceries,2025-05-07,62.88
"Mar 16, 2025",Dominos Pizza DUBLIN,-53.36,Dining & Takeaway,2025-03-16,53.36
2024-07-08,LIDL IRELAND,-41.97,Groceries,2024-07-08,41.97
"Nov 02, 2023",starbucks coffee #7583,-35.72,Dining & Takeaway,2023-11-02,35.72
2023-04-04,,?69.85,Utilities & Bills,2023-04-04,69.85
2024.12.09,Spar Express Cork,12.32,Groceries,2024-12-09,12.32
20/11/2024,deliveroo.ie *2008,-37.36,Dining & Takeaway,2024-11-20,37.36
"Jan 07, 2023",  JUST EAT 4316   ,-?26.47,Dining & Takeaway,2023-01-07,26.47
2024-02-12,lidl 2664 bray,-?56.11,Groceries,2024-02-12,56.11
20/02/2025,LIDL IRELAND,-?70.77,Groceries,2025-02-20,70.77
"Jun 26, 2024",SHELL PETROL 6740,?13.06,Transport,2024-06-26,13.06
2024.02.07,PureGym Direct Debit,-?34.01,Health & Fitness,2024-02-07,34.01
2024-02-17,  Insomnia Coffee Co   ,-6.66,Dining & Takeaway,2024-02-17,6.66
2024-09-04,Sky Ireland TV & Broadband,?58.44,Utilities & Bills,2024-09-04,58.44
2024-05-17,tfi leap card topup,-10.20,Transport,2024-05-17,10.2
2025.03.25,apple store retail,-115.85,Shopping,2025-03-25,115.85
2024.10.25,Tesco Store #6620,?96.41,Groceries,2024-10-25,96.41
2024-11-06,  Starbucks Coffee #6711   ,-31.50,Dining & Takeaway,2024-11-06,31.5
"Nov 01, 2024",TFI Leap Card Topup,13.38,Transport,2024-11-01,13.38
2025-01-17,Gourmet Burger Kitchen,-14.56,Dining & Takeaway,2025-01-17,14.56
2024-05-30,circle k limerick,-4.45,Transport,2024-05-30,4.45
2023-12-24,ALDI STORE 7446,-114.69,Groceries,2023-12-24,114.69
2023-08-09,Starbucks Coffee #7921,-?33.78,Dining & Takeaway,2023-08-09,33.78
2024-03-12,PLAYSTATION NETWORK 6987,-40.48,Entertainment & Subscriptions,2024-03-12,40.48
2023-02-04,  DISNEY PLUS MONTHLY   ,28.71,Entertainment & Subscriptions,2023-02-04,28.71
12/07/2023,Dominos Pizza DUBLIN,-39.58,Dining & Takeaway,2023-07-12,39.58
28/03/2024,Applegreen Motorway Services,23.50 EUR,Transport,2024-03-28,23.5
2023-05-05,tfi leap card topup,-31.80,Transport,2023-05-05,31.8
2024-11-07,DUNNES STORES DUBLIN,-?89.67,Groceries,2024-11-07,89.67
13/12/2023,CIRCLE K DUNDALK,?15.19,Transport,2023-12-13,15.19
29/04/2025,tesco express,-31.21,Groceries,2025-04-29,31.21
2023-11-24,free now taxi dublin,-?17.50,Transport,2023-11-24,17.5
2024-10-12,Dominos Pizza Limerick,-39.90,Dining & Takeaway,2024-10-12,39.9
2024-07-01,PENNEYS PRIMARK BRAY,-938.71,Shopping,2024-07-01,938.71
2023.11.30,  APPLE.COM/BILL   ,4.99,Entertainment & Subscriptions,2023-11-30,4.99
2024-01-29,marks & spencer food,92.42,Groceries,2024-01-29,92.42
2024.06.19,boojum burrito cork,-42.11,Dining & Takeaway,2024-06-19,42.11
2023-10-05,Starbucks Coffee #2541,-?3.80,Dining & Takeaway,2023-10-05,3.8
2023.01.24,costa coffee limerick,-?3.80,Dining & Takeaway,2023-01-24,3.8
2023-09-29,SuperValu LIMERICK,-79.95,Groceries,2023-09-29,79.95
2023-02-03,Lidl 8755 KILKENNY,46.01 EUR,Groceries,2023-02-03,46.01
2025-06-20,THE LOCAL PUB & GRILL,-?3.80,Dining & Takeaway,2025-06-20,3.8
2025.05.15,,-26.89,Transport,2025-05-15,26.89
2023-05-18,Marks & Spencer Food,-?105.77,Groceries,2023-05-18,105.77
"Mar 29, 2024",ASOS.COM ORDERS,93.15 EUR,Shopping,2024-03-29,93.15
2024-08-25,dart ticket machine,-?23.35,Transport,2024-08-25,23.35
2024-07-09,Insomnia Coffee Co,-13.73,Dining & Takeaway,2024-07-09,13.73
30/08/2023,Tesco Express,-?35.16,Groceries,2023-08-30,35.16
"Jul 17, 2023",costa coffee swords,-?25.55,Dining & Takeaway,2023-07-17,25.55
12/12/2024,DISNEY PLUS MONTHLY,?20.28,Entertainment & Subscriptions,2024-12-12,20.28
23/09/2023,audible uk monthly,18.91,Entertainment & Subscriptions,2023-09-23,18.91
2024-05-15,McDonalds DUBLIN,,Dining & Takeaway,2024-05-15,3.8
2024-12-30,aldi ireland gmbh,-130.00,Groceries,2024-12-30,130.0
2023-02-27,Amazon.de Purchase,10.00,Shopping,2023-02-27,10.0
"Aug 29, 2023",Marks & Spencer Food,?64.12,Groceries,2023-08-29,64.12
"Jan 11, 2024",Aldi Store 3768,?45.71,Groceries,2024-01-11,45.71
2024-03-22,PureGym Direct Debit,-23.81,Health & Fitness,2024-03-22,23.81
2023-06-14,Insomnia Coffee Co,?33.03,Dining & Takeaway,2023-06-14,33.03
2025-02-28,DUNNES STORES SWORDS,-40.42,Groceries,2025-02-28,40.42
"Oct 18, 2023",JUST EAT 7630,-32.33,Dining & Takeaway,2023-10-18,32.33
2023-01-15,SHELL PETROL 4980,-20.44,Transport,2023-01-15,20.44
26/01/2024,aldi store 5987,-?10.91,Groceries,2024-01-26,10.91
2024-04-30,Insomnia Coffee Co,-38.87,Dining & Takeaway,2024-04-30,38.87
2023-05-29,Costa Coffee BRAY,-?32.42,Dining & Takeaway,2023-05-29,32.42
2024-11-09,  DUNNES STORES SWORDS   ,-?49.88,Groceries,2024-11-09,49.88
"Dec 17, 2024",dart ticket machine,-51.23,Transport,2024-12-17,51.23
27/10/2023,DUBLIN BUS 6426,-10.00,Transport,2023-10-27,10.0
2024-03-22,SPAR EXPRESS CORK,-95.78,Groceries,2024-03-22,95.78
13/06/2023,LEAP CARD AUTO TOPUP,-41.25,Transport,2023-06-13,41.25
14/04/2024,Amazon.de Purchase,52.61,Shopping,2024-04-14,52.61
"Dec 20, 2023",Brown Thomas Dublin,-154.67,Shopping,2023-12-20,154.67
2025-05-04,SuperValu DUNDALK,-27.42,Groceries,2025-05-04,27.42
2023-10-25,Spar Express Kilkenny,-58.55,Groceries,2023-10-25,58.55
2025-03-14,YOUTUBE PREMIUM,-21.54,Entertainment & Subscriptions,2025-03-14,21.54
2024-07-07,JUST EAT 6554,-38.17,Dining & Takeaway,2024-07-07,38.17
2023-07-21,PureGym Direct Debit,20.76,Health & Fitness,2023-07-21,20.76
2023-04-16,Lidl 8340 BRAY,-61.87,Groceries,2023-04-16,61.87
2025-06-15,Lidl 4157 LIMERICK,-19.85,Groceries,2025-06-15,19.85
2023-07-01,JUST EAT 4264,-26.19,Dining & Takeaway,2023-07-01,26.19
30/10/2023,AMZN PRIME MEMBER,8.23,Entertainment & Subscriptions,2023-10-30,8.23
04/10/2024,TESCO EXTRA CORK,-38.96,Groceries,2024-10-04,38.96
"Oct 03, 2023",  TESCO EXTRA GALWAY   ,-63.44,Groceries,2023-10-03,63.44
2023-08-02,ASOS.COM ORDERS,-?72.15,Shopping,2023-08-02,72.15
2023-10-12,  AMZN Mktp UK*1284   ,-144.76,Shopping,2023-10-12,144.76
2023-01-10,Tesco Express,-8.50,Groceries,2023-01-10,8.5
2025-04-04,Tesco Store #1961,-17.12,Groceries,2025-04-04,17.12
23/04/2025,Tesco Store #9898,?75.79,Groceries,2025-04-23,75.79
2025-05-08,CIRCLE K DUBLIN,-15.94,Transport,2025-05-08,15.94
09/05/2023,SPAR EXPRESS DUNDALK,?69.63,Groceries,2023-05-09,69.63
06/05/2024,,-28.13,Entertainment & Subscriptions,2024-05-06,28.13
15/05/2025,  DISNEY PLUS MONTHLY   ,-10.22,Entertainment & Subscriptions,2025-05-15,10.22
2024-02-09,DART TICKET MACHINE,?7.56,Transport,2024-02-09,7.56
2024-07-18,,-?18.56,Transport,2024-07-18,18.56
11/05/2025,Audible UK Monthly,-?10.84,Entertainment & Subscriptions,2025-05-11,10.84
"May 01, 2025",Insomnia Coffee Co,3.80,Dining & Takeaway,2025-05-01,3.8
2023-11-03,  TFI Leap Card Topup   ,,Transport,2023-11-03,21.16
2025-03-09,  Tesco Express   ,99.93,Groceries,2025-03-09,99.93
2023-06-05,RYANAIR *4695 AIRLINE,?25.00,Travel,2023-06-05,25.0
2025-05-14,Applegreen Motorway Services,-2.40,Transport,2025-05-14,2.4
2025-03-07,Dentist Clinic Dublin,-?37.92,Health & Fitness,2025-03-07,37.92
23/03/2024,  DUNNES STORES LIMERICK   ,?82.41,Groceries,2024-03-23,82.41
2024-01-13,LIDL IRELAND,-?90.93,Groceries,2024-01-13,90.93
03/04/2025,Costa Coffee KILKENNY,-18.24,Dining & Takeaway,2025-04-03,18.24
2025-02-27,,-18.34,Transport,2025-02-27,18.34
2024-05-01,SHELL PETROL 4439,46.09 EUR,Transport,2024-05-01,46.09
2024-03-27,  TESCO EXTRA BRAY   ,-?85.46,Groceries,2024-03-27,85.46
2024-09-28,Applegreen Motorway Services,-?2.40,Transport,2024-09-28,2.4
2023-08-13,Decathlon Sports Ireland,-?121.65,Shopping,2023-08-13,121.65
2024-01-01,SPAR EXPRESS DUBLIN,-64.86,Groceries,2024-01-01,64.86
25/07/2024,  ALDI STORE 6783   ,78.99,Groceries,2024-07-25,78.99
2024-09-22,Lidl 5967 BRAY,?47.97,Groceries,2024-09-22,47.97
2024-11-06,lidl 4021 dundalk,-?32.34,Groceries,2024-11-06,32.34
2023-09-13,SPAR EXPRESS SWORDS,-71.02,Groceries,2023-09-13,71.02
2023-03-19,DUNNES STORES DUNDALK,?17.35,Groceries,2023-03-19,17.35
2024-03-28,PENNEYS PRIMARK DUNDALK,-64.64,Shopping,2024-03-28,64.64
2025-04-26,SPAR EXPRESS BRAY,?62.90,Groceries,2025-04-26,62.9
02/03/2024,irish water direct debit,?147.55,Utilities & Bills,2024-03-02,147.55
2023-12-11,ALDI IRELAND GMBH,-24.90,Groceries,2023-12-11,24.9
"Feb 12, 2025",lidl ireland,,Groceries,2025-02-12,67.07
2024-12-21,Marks & Spencer Food,112.73,Groceries,2024-12-21,112.73
02/10/2023,  Audible UK Monthly   ,-5.23,Entertainment & Subscriptions,2023-10-02,5.23
2024-10-20,YOUTUBE PREMIUM,-?56.73,Entertainment & Subscriptions,2024-10-20,56.73
2025-02-23,tesco express,-?27.23,Groceries,2025-02-23,27.23
2024-10-05,FLYEfit Gym Monthly DD,-?24.19,Health & Fitness,2024-10-05,24.19
2025-03-10,Lidl 3269 DUNDALK,-19.47,Groceries,2025-03-10,19.47
2023-09-16,SHELL PETROL 4990,-26.58,Transport,2023-09-16,26.58
2024-04-04,Insomnia Coffee Co,-?4.88,Dining & Takeaway,2024-04-04,4.88
2024-11-05,  Nandos KILKENNY   ,-22.88,Dining & Takeaway,2024-11-05,22.88
2025-02-15,TESCO EXTRA CORK,?63.99,Groceries,2025-02-15,63.99
"May 20, 2023",  ZARA IRELAND SWORDS   ,-77.06,Shopping,2023-05-20,77.06
2023-06-27,DART TICKET MACHINE,-?2.40,Transport,2023-06-27,2.4
2024-10-01,  Costa Coffee CORK   ,?32.40,Dining & Takeaway,2024-10-01,32.4
2023-10-30,tesco express,-81.64,Groceries,2023-10-30,81.64
2024-06-04,Lidl 7678 CORK,-?87.81,Groceries,2024-06-04,87.81
2024-01-29,McDonalds LIMERICK,-?24.25,Dining & Takeaway,2024-01-29,24.25
2023-08-30,Nandos DUNDALK,27.41 EUR,Dining & Takeaway,2023-08-30,27.41
2023-03-03,  Tesco Store #1983   ,,Groceries,2023-03-03,50.15
2025-04-18,ALDI IRELAND GMBH,-78.71,Groceries,2025-04-18,78.71
2024-01-18,disney plus monthly,?23.47,Entertainment & Subscriptions,2024-01-18,23.47
16/08/2023,SPOTIFY AB 7767 EUR,-17.33,Entertainment & Subscriptions,2023-08-16,17.33
2024-01-19,Dominos Pizza LIMERICK,-9.85,Dining & Takeaway,2024-01-19,9.85
"Dec 17, 2024",dart ticket machine,-51.23,Transport,2024-12-17,51.23
2024-03-15,McDonalds SWORDS,-24.84,Dining & Takeaway,2024-03-15,24.84
2025-01-07,Lidl 4954 CORK,,Groceries,2025-01-07,51.0
"Sep 05, 2023",SHELL PETROL 9873,-2.40,Transport,2023-09-05,2.4
2023-11-26,nandos kilkenny,-?39.24,Dining & Takeaway,2023-11-26,39.24
2023-09-22,amazon.de purchase,-?91.19,Shopping,2023-09-22,91.19
2023-04-05,McDonalds CORK,-12.89,Dining & Takeaway,2023-04-05,12.89
30/06/2025,  LIDL IRELAND   ,-78.20,Groceries,2025-06-30,78.2
2025-03-22,IRISH RAIL ONLINE,-20.02,Transport,2025-03-22,20.02
2024-07-03,Tesco Store #6237,-41.25,Groceries,2024-07-03,41.25
2023-08-03,Dominos Pizza DUNDALK,-4.72,Dining & Takeaway,2023-08-03,4.72
26/02/2024,  LIDL IRELAND   ,-61.07,Groceries,2024-02-26,61.07
2024-06-30,Dentist Clinic Dublin,-?34.75,Health & Fitness,2024-06-30,34.75
2024-09-27,Tesco Express,-83.80,Groceries,2024-09-27,83.8
"Oct 01, 2023",lidl 9207 kilkenny,-37.75,Groceries,2023-10-01,37.75
2025-02-17,Lidl 9132 DUNDALK,-?11.37,Groceries,2025-02-17,11.37
15/01/2025,SuperValu DUNDALK,-71.83,Groceries,2025-01-15,71.83
2023-04-16,tesco express,-44.73,Groceries,2023-04-16,44.73
2023-09-13,Lidl 2219 Dundalk,-?13.38,Groceries,2023-09-13,13.38
2024-02-28,JUST EAT 2083,-36.98,Dining & Takeaway,2024-02-28,36.98
2023-08-22,Marks & Spencer Food,39.78,Groceries,2023-08-22,39.78
2023-05-03,Tesco Store #1772,-?96.26,Groceries,2023-05-03,96.26
2023-12-17,Tesco Store #8342,-120.65,Groceries,2023-12-17,120.65
2023.09.09,DUBLIN BUS 2939,-?2.40,Transport,2023-09-09,2.4
2023-10-19,  AMZN PRIME MEMBER   ,-27.75,Entertainment & Subscriptions,2023-10-19,27.75
13/05/2023,Dominos Pizza KILKENNY,23.83 EUR,Dining & Takeaway,2023-05-13,23.83
"Jul 21, 2024",puregym direct debit,-51.47,Health & Fitness,2024-07-21,51.47
01/06/2025,Audible UK Monthly,-7.07,Entertainment & Subscriptions,2025-06-01,7.07
2024-01-05,PLAYSTATION NETWORK 4009,-31.32,Entertainment & Subscriptions,2024-01-05,31.32
"Jun 20, 2023",TFI Leap Card Topup,-?2.40,Transport,2023-06-20,2.4
2023-07-11,SPAR EXPRESS GALWAY,-13.36,Groceries,2023-07-11,13.36
"May 31, 2023",  Costa Coffee KILKENNY   ,-?32.53,Dining & Takeaway,2023-05-31,32.53
2024-12-24,SPAR EXPRESS KILKENNY,-61.00,Groceries,2024-12-24,61.0
29/06/2025,dart ticket machine,-?36.87,Transport,2025-06-29,36.87
2024.05.06,Tesco Express,-?50.25,Groceries,2024-05-06,50.25
01/03/2025,Costa Coffee DUBLIN,48.60 EUR,Dining & Takeaway,2025-03-01,48.6
29/09/2024,AMZN PRIME MEMBER,-11.23,Entertainment & Subscriptions,2024-09-29,11.23
2025-05-04,Nandos DUBLIN,-23.62,Dining & Takeaway,2025-05-04,23.62
2024.07.15,LEAP CARD AUTO TOPUP,-17.22,Transport,2024-07-15,17.22
"May 25, 2025",Tesco Store #5572,-53.14,Groceries,2025-05-25,53.14
2025-04-19,Tesco Express,?77.98,Groceries,2025-04-19,77.98
2023-12-04,Tesco Express,54.23,Groceries,2023-12-04,54.23
2024-11-20,Nandos KILKENNY,?25.22,Dining & Takeaway,2024-11-20,25.22
"Jan 27, 2025",SHELL PETROL 4199,-33.80,Transport,2025-01-27,33.8
14/10/2023,shell petrol 2246,17.66,Transport,2023-10-14,17.66
"Nov 20, 2024",amazon.de purchase,-126.52,Shopping,2024-11-20,126.52
23/05/2025,  Costa Coffee LIMERICK   ,-?27.14,Dining & Takeaway,2025-05-23,27.14
2025-02-17,Tesco Store #2612,-?42.40,Groceries,2025-02-17,42.4
2023-11-30,  JUST EAT 8094   ,-22.22,Dining & Takeaway,2023-11-30,22.22
2023-08-09,Starbucks Coffee #7921,-?33.78,Dining & Takeaway,2023-08-09,33.78
2024-09-11,Applegreen Motorway Services,-28.01,Transport,2024-09-11,28.01
2025-01-09,  TFI Leap Card Topup   ,-?4.89,Transport,2025-01-09,4.89
2024-02-20,Dunnes Stores Galway,?57.15,Groceries,2024-02-20,57.15
"Jan 25, 2024",SHELL PETROL 9561,14.49 EUR,Transport,2024-01-25,14.49
2023-08-05,SuperValu BRAY,18.39 EUR,Groceries,2023-08-05,18.39
"Apr 07, 2025",  SHELL PETROL 8387   ,-?25.93,Transport,2025-04-07,25.93
23/05/2023,  CIRCLE K CORK   ,-23.88,Transport,2023-05-23,23.88
2024-09-09,AER LINGUS DUBLIN,154.27,Travel,2024-09-09,154.27
2025-04-06,dublin bus 4635,-?2.40,Transport,2025-04-06,2.4
2024-02-14,Gourmet Burger Kitchen,-35.20,Dining & Takeaway,2024-02-14,35.2
23/05/2025,SPOTIFY AB 3476 EUR,?27.29,Entertainment & Subscriptions,2025-05-23,27.29
"Jun 26, 2023",  McDonalds KILKENNY   ,-14.95,Dining & Takeaway,2023-06-26,14.95
"May 28, 2025",Starbucks Coffee #8927,-?47.91,Dining & Takeaway,2025-05-28,47.91
2025.04.23,Applegreen Motorway Services,-31.03,Transport,2025-04-23,31.03
2023-01-07,  TK MAXX DUNDALK   ,86.22,Shopping,2023-01-07,86.22
2023-05-23,ALDI IRELAND GMBH,-?17.35,Groceries,2023-05-23,17.35
2025-05-07,Insomnia Coffee Co,-?42.81,Dining & Takeaway,2025-05-07,42.81
30/06/2024,Tesco Express,75.25 EUR,Groceries,2024-06-30,75.25
05/04/2024,  Dentist Clinic Dublin   ,?12.00,Health & Fitness,2024-04-05,12.0
2025-02-20,dublin airport parking,250.04 EUR,Travel,2025-02-20,250.04
2023-02-14,TK MAXX GALWAY,-10.00,Shopping,2023-02-14,10.0
22/10/2023,UBER *TRIP 1023,24.02,Transport,2023-10-22,24.02
2024.11.28,THE LOCAL PUB & GRILL,-5.93,Dining & Takeaway,2024-11-28,5.93
15/09/2024,  SPAR EXPRESS GALWAY   ,?68.22,Groceries,2024-09-15,68.22
2024-10-01,Amazon.de Purchase,58.64 EUR,Shopping,2024-10-01,58.64
2024-07-19,Council Tax Payment,98.33,Utilities & Bills,2024-07-19,98.33
11/06/2023,  Gourmet Burger Kitchen   ,-34.17,Dining & Takeaway,2023-06-11,34.17
2023-10-18,TK MAXX CORK,77.28 EUR,Shopping,2023-10-18,77.28
2025-06-28,Steam Games Purchase,-20.80,Entertainment & Subscriptions,2025-06-28,20.8
2023-04-07,Starbucks Coffee #6381,-3.80,Dining & Takeaway,2023-04-07,3.8
"Nov 11, 2023",Starbucks Coffee #8938,-26.78,Dining & Takeaway,2023-11-11,26.78
24/03/2024,DART TICKET MACHINE,-47.22,Transport,2024-03-24,47.22
2025-03-13,starbucks coffee #8940,-?3.80,Dining & Takeaway,2025-03-13,3.8
2023-02-06,  PureGym Direct Debit   ,-?12.00,Health & Fitness,2023-02-06,12.0
2023-09-01,Gourmet Burger Kitchen,-38.95,Dining & Takeaway,2023-09-01,38.95
28/03/2025,dublin bus 3982,-?2.40,Transport,2025-03-28,2.4
2024.08.23,SuperValu KILKENNY,?48.10,Groceries,2024-08-23,48.1
2023-04-03,Nandos BRAY,37.56 EUR,Dining & Takeaway,2023-04-03,37.56
"Jun 01, 2025",spar express cork,?46.58,Groceries,2025-06-01,46.58
2023-01-26,AMZN PRIME MEMBER,-7.62,Entertainment & Subscriptions,2023-01-26,7.62
2023.09.03,DUNNES STORES GALWAY,61.18,Groceries,2023-09-03,61.18
08/02/2024,Brown Thomas Dublin,10.00,Shopping,2024-02-08,10.0
13/12/2024,LEAP CARD AUTO TOPUP,-?30.55,Transport,2024-12-13,30.55
2024-02-22,AMZN PRIME MEMBER,?4.99,Entertainment & Subscriptions,2024-02-22,4.99
2023-04-09,DART TICKET MACHINE,?25.39,Transport,2023-04-09,25.39
2025-02-02,Spar Express Galway,-?23.93,Groceries,2025-02-02,23.93
2024-11-20,Costa Coffee LIMERICK,-?16.65,Dining & Takeaway,2024-11-20,16.65
19/06/2025,the local pub & grill,-27.51,Dining & Takeaway,2025-06-19,27.51
2024-11-28,Steam Games Purchase,?4.99,Entertainment & Subscriptions,2024-11-28,4.99
2024.12.12,FREE NOW TAXI DUBLIN,-?14.05,Transport,2024-12-12,14.05
2025-06-04,DUBLIN BUS 2165,39.26 EUR,Transport,2025-06-04,39.26
2023-03-02,JUST EAT 7215,-?59.92,Dining & Takeaway,2023-03-02,59.92
12/08/2023,Lidl 6497 CORK,66.00 EUR,Groceries,2023-08-12,66.0
17/09/2023,costa coffee kilkenny,-?51.08,Dining & Takeaway,2023-09-17,51.08
2025-02-15,TK MAXX BRAY,-?20.49,Shopping,2025-02-15,20.49
2024-05-15,leap card auto topup,27.10,Transport,2024-05-15,27.1
2024-07-06,Gym Plus Membership,-61.08,Health & Fitness,2024-07-06,61.08
2023-02-06,Tesco Express,?40.42,Groceries,2023-02-06,40.42
2025-05-28,Lidl 1750 SWORDS,-66.37,Groceries,2025-05-28,66.37
2023-04-10,PureGym Direct Debit,-37.24,Health & Fitness,2023-04-10,37.24
2023-12-04,  THE LOCAL PUB & GRILL   ,-69.63,Dining & Takeaway,2023-12-04,69.63
2023-07-10,DART TICKET MACHINE,-36.72,Transport,2023-07-10,36.72
2023-08-03,DUNNES STORES CORK,-?66.97,Groceries,2023-08-03,66.97
27/02/2025,DAA DUTY FREE,-183.74,Travel,2025-02-27,183.74
30/10/2023,FREE NOW TAXI DUBLIN,-?2.40,Transport,2023-10-30,2.4
11/06/2024,boots pharmacy swords,-188.44,Shopping,2024-06-11,188.44
2023-07-11,  Netflix.com monthly   ,-?4.99,Entertainment & Subscriptions,2023-07-11,4.99
30/12/2023,mcdonalds kilkenny,-23.28,Dining & Takeaway,2023-12-30,23.28
2024-09-11,LIDL IRELAND,-62.47,Groceries,2024-09-11,62.47
22/02/2024,marks & spencer food,-60.94,Groceries,2024-02-22,60.94
2023-07-04,aldi store 7853,-49.92,Groceries,2023-07-04,49.92
2023-01-31,dunnes stores dundalk,-?74.13,Groceries,2023-01-31,74.13
2024-07-12,lidl ireland,-?19.68,Groceries,2024-07-12,19.68
2024-08-19,Dominos Pizza DUBLIN,?28.78,Dining & Takeaway,2024-08-19,28.78
18/08/2023,Nandos GALWAY,-3.80,Dining & Takeaway,2023-08-18,3.8
2024-09-23,DUNNES STORES LIMERICK,-79.60,Groceries,2024-09-23,79.6
2024-05-19,  Dominos Pizza CORK   ,-13.88,Dining & Takeaway,2024-05-19,13.88
"Aug 17, 2023",Starbucks Coffee #5040,-?33.24,Dining & Takeaway,2023-08-17,33.24
2024-03-30,costa coffee galway,4.38 EUR,Dining & Takeaway,2024-03-30,4.38
"Jan 21, 2023",Dominos Pizza GALWAY,33.34 EUR,Dining & Takeaway,2023-01-21,33.34
15/02/2025,DISNEY PLUS MONTHLY,-34.01,Entertainment & Subscriptions,2025-02-15,34.01
2025-02-11,tesco extra bray,86.19,Groceries,2025-02-11,86.19
2024-10-12,starbucks coffee #8511,-18.31,Dining & Takeaway,2024-10-12,18.31
02/10/2023,LIDL IRELAND,-?48.89,Groceries,2023-10-02,48.89
14/09/2023,IKEA DUBLIN STORE,-74.45,Shopping,2023-09-14,74.45
2024-02-12,ALDI IRELAND GMBH,-?8.50,Groceries,2024-02-12,8.5
2025-03-29,,50.80,Utilities & Bills,2025-03-29,50.8
25/09/2024,Nandos KILKENNY,18.43 EUR,Dining & Takeaway,2024-09-25,18.43
28/07/2023,  Tesco Store #1876   ,-?50.46,Groceries,2023-07-28,50.46
"Feb 07, 2023",  McDonalds DUBLIN   ,11.72 EUR,Dining & Takeaway,2023-02-07,11.72
2024-06-16,Marks & Spencer Food,-?24.99,Groceries,2024-06-16,24.99
20/09/2023,  Netflix.com monthly   ,-17.63,Entertainment & Subscriptions,2023-09-20,17.63
19/08/2023,UBER *TRIP 6926,-50.92,Transport,2023-08-19,50.92
2023-11-05,  PLAYSTATION NETWORK 4483   ,-19.20,Entertainment & Subscriptions,2023-11-05,19.2
2024-05-05,DELIVEROO.IE *8683,?18.99,Dining & Takeaway,2024-05-05,18.99
07/03/2024,Dentist Clinic Dublin,-30.95,Health & Fitness,2024-03-07,30.95
2023-03-22,VIRGIN MEDIA IRELAND,-?99.40,Utilities & Bills,2023-03-22,99.4
2023-02-11,apple.com/bill,-?27.82,Entertainment & Subscriptions,2023-02-11,27.82
2023-12-11,Lidl 9834 GALWAY,-?18.36,Groceries,2023-12-11,18.36
2024-11-04,Brown Thomas Dublin,-?112.59,Shopping,2024-11-04,112.59
2025-01-01,  ELECTRIC IRELAND DD   ,-135.18,Utilities & Bills,2025-01-01,135.18
2024.01.31,  Gourmet Burger Kitchen   ,-?60.11,Dining & Takeaway,2024-01-31,60.11
2023-04-07,Applegreen Motorway Services,7.12,Transport,2023-04-07,7.12
"Jun 16, 2023",Audible UK Monthly,-?4.99,Entertainment & Subscriptions,2023-06-16,4.99
2024-05-17,netflix.com monthly,-4.99,Entertainment & Subscriptions,2024-05-17,4.99
25/10/2024,Tesco Store #9831,-?84.53,Groceries,2024-10-25,84.53
"Mar 16, 2024",tesco extra galway,-49.93,Groceries,2024-03-16,49.93
2023-03-31,DUNNES STORES LIMERICK,57.83 EUR,Groceries,2023-03-31,57.83
2023-06-03,Decathlon Sports Ireland,-?28.66,Shopping,2023-06-03,28.66
08/05/2025,boojum burrito bray,-11.24,Dining & Takeaway,2025-05-08,11.24
2024.02.09,IKEA DUBLIN STORE,-?19.19,Shopping,2024-02-09,19.19
2023.12.02,,-43.94,Dining & Takeaway,2023-12-02,43.94
2025-05-06,Dominos Pizza GALWAY,-11.07,Dining & Takeaway,2025-05-06,11.07
2024-04-06,Steam Games Purchase,-25.40,Entertainment & Subscriptions,2024-04-06,25.4
2025-02-13,  Nandos GALWAY   ,?31.67,Dining & Takeaway,2025-02-13,31.67
2023-07-26,virgin media ireland,-90.71,Utilities & Bills,2023-07-26,90.71
"Apr 12, 2024",spar express cork,45.43 EUR,Groceries,2024-04-12,45.43
25/12/2024,,-?5.27,Dining & Takeaway,2024-12-25,5.27
2025-01-28,Lidl 2188 LIMERICK,-?48.16,Groceries,2025-01-28,48.16
"Jan 01, 2025",DUNNES STORES BRAY,63.32,Groceries,2025-01-01,63.32
2025-06-11,Decathlon Sports Ireland,?10.00,Shopping,2025-06-11,10.0
2025-01-08,APPLE STORE RETAIL,36.27,Shopping,2025-01-08,36.27
2023-08-18,Starbucks Coffee #3393,-?13.68,Dining & Takeaway,2023-08-18,13.68
"Jun 20, 2024",Sky Ireland TV & Broadband,-56.92,Utilities & Bills,2024-06-20,56.92
15/03/2025,  TFI Leap Card Topup   ,2.40,Transport,2025-03-15,2.4
2025-05-16,Tesco Store #9920,37.01 EUR,Groceries,2025-05-16,37.01
07/04/2025,ELECTRIC IRELAND DD,?41.56,Utilities & Bills,2025-04-07,41.56
2023-04-28,Gourmet Burger Kitchen,-53.08,Dining & Takeaway,2023-04-28,53.08
2024-04-23,McDonalds SWORDS,-22.96,Dining & Takeaway,2024-04-23,22.96
24/08/2024,aldi store 7639,-?71.13,Groceries,2024-08-24,71.13
2023-11-11,Tesco Express,-8.50,Groceries,2023-11-11,8.5
2023-09-16,Insomnia Coffee Co,?48.47,Dining & Takeaway,2023-09-16,48.47
"Apr 05, 2025",VODAFONE BILL PAY,-?97.71,Utilities & Bills,2025-04-05,97.71
2024-06-27,Starbucks Coffee #2797,-3.80,Dining & Takeaway,2024-06-27,3.8
2023-12-08,  Tesco Express   ,-135.30,Groceries,2023-12-08,135.3
2024-03-26,CIRCLE K DUBLIN,-?49.25,Transport,2024-03-26,49.25
2024-05-13,LIDL IRELAND,-29.17,Groceries,2024-05-13,29.17
"Jan 04, 2023",Tesco Express,-86.60,Groceries,2023-01-04,86.6
2025.06.28,holland & barrett swords,-?12.00,Health & Fitness,2025-06-28,12.0
05/07/2024,Audible UK Monthly,-?33.07,Entertainment & Subscriptions,2024-07-05,33.07
2025.02.24,Lidl 5198 KILKENNY,?74.75,Groceries,2025-02-24,74.75
14/04/2023,CIRCLE K CORK,-?25.87,Transport,2023-04-14,25.87
2025-04-06,uber *trip 6421,-?2.87,Transport,2025-04-06,2.87
21/02/2025,Netflix.com monthly,-?24.29,Entertainment & Subscriptions,2025-02-21,24.29
"Mar 11, 2025",LIDL IRELAND,-?8.63,Groceries,2025-03-11,8.63
2025-02-01,Boojum Burrito KILKENNY,-29.94,Dining & Takeaway,2025-02-01,29.94
2023-10-27,Marks & Spencer Food,-?107.34,Groceries,2023-10-27,107.34
2024-05-12,DISNEY PLUS MONTHLY,-20.11,Entertainment & Subscriptions,2024-05-12,20.11
"Aug 24, 2024",Deliveroo.Ie *3553,-?5.18,Dining & Takeaway,2024-08-24,5.18
2025-04-30,Tesco Express,60.04 EUR,Groceries,2025-04-30,60.04
2023-03-24,McDonalds BRAY,21.67,Dining & Takeaway,2023-03-24,21.67
2024-12-23,lidl 5718 swords,?78.05,Groceries,2024-12-23,78.05
"Oct 30, 2023",FREE NOW TAXI DUBLIN,-44.05,Transport,2023-10-30,44.05
2024-06-16,  DISNEY PLUS MONTHLY   ,-48.16,Entertainment & Subscriptions,2024-06-16,48.16
31/03/2023,aldi store 3282,-?27.41,Groceries,2023-03-31,27.41
2024-12-28,Gourmet Burger Kitchen,-31.32,Dining & Takeaway,2024-12-28,31.32
2023-09-21,,-?2.40,Transport,2023-09-21,2.4
2024-08-08,Boojum Burrito LIMERICK,-28.70,Dining & Takeaway,2024-08-08,28.7
02/05/2025,lidl 7151 bray,41.42 EUR,Groceries,2025-05-02,41.42
"Dec 21, 2024",Sky Ireland Tv & Broadband,-121.66,Utilities & Bills,2024-12-21,121.66
2024-08-20,Insomnia Coffee Co,-14.44,Dining & Takeaway,2024-08-20,14.44
2023-01-25,IKEA DUBLIN STORE,-116.10,Shopping,2023-01-25,116.1
2024-08-12,SuperValu LIMERICK,-52.96,Groceries,2024-08-12,52.96
"Sep 02, 2024",SHELL PETROL 8792,-?21.38,Transport,2024-09-02,21.38
2025-01-24,AMZN PRIME MEMBER,-?4.99,Entertainment & Subscriptions,2025-01-24,4.99
2025-05-19,penneys primark dundalk,-82.88,Shopping,2025-05-19,82.88
05/05/2024,Decathlon Sports Ireland,-10.00,Shopping,2024-05-05,10.0
2023-04-09,Netflix.com monthly,?28.42,Entertainment & Subscriptions,2023-04-09,28.42
2023.01.05,eir telecom direct debit,-75.58,Utilities & Bills,2023-01-05,75.58
05/08/2023,Starbucks Coffee #2936,31.65,Dining & Takeaway,2023-08-05,31.65
2024-06-22,APPLE.COM/BILL,-?6.88,Entertainment & Subscriptions,2024-06-22,6.88
2023-08-01,McDonalds DUNDALK,7.27,Dining & Takeaway,2023-08-01,7.27
2025-01-09,zara ireland limerick,-?10.00,Shopping,2025-01-09,10.0
2023-04-14,uber *trip 6010,-?43.72,Transport,2023-04-14,43.72
2023-09-27,Netflix.com monthly,-?4.99,Entertainment & Subscriptions,2023-09-27,4.99
2024.09.04,TESCO EXTRA KILKENNY,?65.20,Groceries,2024-09-04,65.2
01/04/2025,  Insomnia Coffee Co   ,-26.21,Dining & Takeaway,2025-04-01,26.21
2025-03-23,Lidl 1081 BRAY,-12.62,Groceries,2025-03-23,12.62
2023-03-07,DUNNES STORES CORK,-76.57,Groceries,2023-03-07,76.57
2024-02-05,deliveroo.ie *7731,-?28.49,Dining & Takeaway,2024-02-05,28.49
"Oct 27, 2023",  SPAR EXPRESS DUNDALK   ,-77.12,Groceries,2023-10-27,77.12
2023-07-24,Amzn Prime Member,-7.75,Entertainment & Subscriptions,2023-07-24,7.75
26/05/2023,LIDL IRELAND,,Groceries,2023-05-26,70.21
28/01/2024,Tesco Express,67.44,Groceries,2024-01-28,67.44
2025.03.12,DISNEY PLUS MONTHLY,-4.99,Entertainment & Subscriptions,2025-03-12,4.99
17/12/2024,just eat 6253,-48.87,Dining & Takeaway,2024-12-17,48.87
16/05/2023,EIR TELECOM DIRECT DEBIT,-88.50,Utilities & Bills,2023-05-16,88.5
29/07/2024,McDonalds LIMERICK,-?27.84,Dining & Takeaway,2024-07-29,27.84
2024.10.04,DISNEY PLUS MONTHLY,?28.18,Entertainment & Subscriptions,2024-10-04,28.18
"Jul 24, 2023",BOOTS PHARMACY DUBLIN,-?10.00,Shopping,2023-07-24,10.0
2023-09-27,Lidl 5914 KILKENNY,-65.52,Groceries,2023-09-27,65.52
2025-03-11,  FLYEfit Gym Monthly DD   ,-12.00,Health & Fitness,2025-03-11,12.0
"May 03, 2023",Bord Gais Energy DD,-79.19,Utilities & Bills,2023-05-03,79.19
2024.08.30,SPAR EXPRESS SWORDS,-68.43,Groceries,2024-08-30,68.43
22/09/2024,the local pub & grill,?5.52,Dining & Takeaway,2024-09-22,5.52
2024-10-08,applegreen motorway services,-29.09,Transport,2024-10-08,29.09
02/07/2023,  ELECTRIC IRELAND DD   ,-?73.51,Utilities & Bills,2023-07-02,73.51
20/06/2024,  Costa Coffee DUBLIN   ,-56.99,Dining & Takeaway,2024-06-20,56.99
2024-02-03,Costa Coffee CORK,-?35.36,Dining & Takeaway,2024-02-03,35.36
14/07/2023,Netflix.com monthly,-4.99,Entertainment & Subscriptions,2023-07-14,4.99
2025.02.25,Marks & Spencer Food,-53.35,Groceries,2025-02-25,53.35
"May 25, 2023",Dominos Pizza SWORDS,34.96 EUR,Dining & Takeaway,2023-05-25,34.96
2023-01-25,Starbucks Coffee #7759,-31.67,Dining & Takeaway,2023-01-25,31.67
2025-03-02,Tk Maxx Galway,-?26.56,Shopping,2025-03-02,26.56
2024-07-18,CIRCLE K GALWAY,21.34,Transport,2024-07-18,21.34
27/11/2023,JUST EAT 8824,-?36.86,Dining & Takeaway,2023-11-27,36.86
2024-12-04,tesco express,?68.33,Groceries,2024-12-04,68.33
2023-10-15,SHELL PETROL 1000,-?2.77,Transport,2023-10-15,2.77
2025-01-04,Gym Plus Membership,-12.00,Health & Fitness,2025-01-04,12.0
12/08/2023,LEAP CARD AUTO TOPUP,?15.79,Transport,2023-08-12,15.79
2023.03.15,LIDL IRELAND,-57.17,Groceries,2023-03-15,57.17
2024-04-16,lidl 7837 cork,-60.62,Groceries,2024-04-16,60.62
11/07/2024,SuperValu CORK,-30.90,Groceries,2024-07-11,30.9
2024-11-07,,-36.08,Dining & Takeaway,2024-11-07,36.08
2025-05-13,  BOOKING.COM HOTEL   ,-146.36,Travel,2025-05-13,146.36
2023-06-13,DELIVEROO.IE *9276,-30.91,Dining & Takeaway,2023-06-13,30.91
2024-06-22,Lidl 5075 BRAY,-?31.41,Groceries,2024-06-22,31.41
2023-04-13,Decathlon Sports Ireland,77.88,Shopping,2023-04-13,77.88
"Nov 29, 2023",SPAR EXPRESS GALWAY,35.04,Groceries,2023-11-29,35.04
2023-03-27,THE LOCAL PUB & GRILL,18.21,Dining & Takeaway,2023-03-27,18.21
"Nov 24, 2023",tesco extra dundalk,?21.96,Groceries,2023-11-24,21.96
02/11/2024,Aldi Store 4406,?93.72,Groceries,2024-11-02,93.72
2025-02-26,Gym Plus Membership,27.14 EUR,Health & Fitness,2025-02-26,27.14
2023-10-21,ikea dublin store,-98.19,Shopping,2023-10-21,98.19
2024.02.23,  THE LOCAL PUB & GRILL   ,-?42.85,Dining & Takeaway,2024-02-23,42.85
2024-08-31,McDonalds GALWAY,33.10 EUR,Dining & Takeaway,2024-08-31,33.1
2023-12-15,CIRCLE K SWORDS,-25.11,Transport,2023-12-15,25.11
27/01/2025,Boots Healthcare KILKENNY,?42.34,Health & Fitness,2025-01-27,42.34
2025-06-22,Tesco Express,-59.95,Groceries,2025-06-22,59.95
2024-06-29,  SPOTIFY AB 7882 EUR   ,-?6.30,Entertainment & Subscriptions,2024-06-29,6.3
2024-08-13,Netflix.com monthly,?7.37,Entertainment & Subscriptions,2024-08-13,7.37
05/02/2025,THE LOCAL PUB & GRILL,?18.01,Dining & Takeaway,2025-02-05,18.01
13/04/2023,Gourmet Burger Kitchen,32.54,Dining & Takeaway,2023-04-13,32.54
22/03/2023,McDonalds GALWAY,?36.51,Dining & Takeaway,2023-03-22,36.51
2024-12-08,Applegreen Motorway Services,15.47,Transport,2024-12-08,15.47
2025-02-12,  TESCO EXTRA BRAY   ,-76.93,Groceries,2025-02-12,76.93
2023-09-27,lidl 3921 bray,-?63.01,Groceries,2023-09-27,63.01
2023-03-10,Boojum Burrito CORK,-?40.07,Dining & Takeaway,2023-03-10,40.07
23/01/2023,  LIDL IRELAND   ,?36.22,Groceries,2023-01-23,36.22
2024-01-19,Insomnia Coffee Co,-?61.59,Dining & Takeaway,2024-01-19,61.59
2025-06-04,Dominos Pizza DUNDALK,-28.03,Dining & Takeaway,2025-06-04,28.03
30/01/2023,Physiotherapy Care Dublin,-?42.57,Health & Fitness,2023-01-30,42.57
2024-11-29,Dart Ticket Machine,-44.13,Transport,2024-11-29,44.13
2023-01-14,Irish Rail Online,-?9.84,Transport,2023-01-14,9.84
2024-03-11,THE LOCAL PUB & GRILL,-22.09,Dining & Takeaway,2024-03-11,22.09
2023-06-29,SuperValu DUBLIN,?42.22,Groceries,2023-06-29,42.22
2023-02-27,  BOOTS PHARMACY KILKENNY   ,?22.24,Shopping,2023-02-27,22.24
"Jan 26, 2023",Just Eat 5723,-?14.76,Dining & Takeaway,2023-01-26,14.76
2024-01-12,Audible UK Monthly,-29.65,Entertainment & Subscriptions,2024-01-12,29.65
2024-08-03,SuperValu BRAY,?14.15,Groceries,2024-08-03,14.15
2024-08-24,aldi ireland gmbh,-?75.91,Groceries,2024-08-24,75.91
2024-09-13,PENNEYS PRIMARK CORK,-62.86,Shopping,2024-09-13,62.86
12/02/2024,  TFI Leap Card Topup   ,7.74 EUR,Transport,2024-02-12,7.74
2025-04-18,,-10.00,Shopping,2025-04-18,10.0
2025-05-07,  LIDL IRELAND   ,-84.17,Groceries,2025-05-07,84.17
2023-02-11,RYANAIR *1602 AIRLINE,-25.00,Travel,2023-02-11,25.0
24/03/2024,DART TICKET MACHINE,-47.22,Transport,2024-03-24,47.22
26/07/2024,DELIVEROO.IE *8879,-?15.22,Dining & Takeaway,2024-07-26,15.22
26/06/2023,dominos pizza kilkenny,-?62.76,Dining & Takeaway,2023-06-26,62.76
2023-10-23,Applegreen Motorway Services,-18.89,Transport,2023-10-23,18.89
2024.09.12,SuperValu KILKENNY,-?9.87,Groceries,2024-09-12,9.87
2023-05-29,Tesco Store #3568,-73.21,Groceries,2023-05-29,73.21
2024-04-06,Bord Gais Energy DD,-84.81,Utilities & Bills,2024-04-06,84.81
14/04/2025,Audible UK Monthly,-?7.03,Entertainment & Subscriptions,2025-04-14,7.03
02/05/2023,DELIVEROO.IE *8762,20.37 EUR,Dining & Takeaway,2023-05-02,20.37
29/11/2023,  McDonalds DUNDALK   ,-?24.05,Dining & Takeaway,2023-11-29,24.05
"Sep 24, 2024",McDonalds CORK,-13.62,Dining & Takeaway,2024-09-24,13.62
26/06/2024,  Insomnia Coffee Co   ,-3.80,Dining & Takeaway,2024-06-26,3.8
14/04/2024,Boojum Burrito Dublin,-?34.50,Dining & Takeaway,2024-04-14,34.5
"May 23, 2025",brown thomas dublin,-113.64,Shopping,2025-05-23,113.64
"Mar 01, 2023",holland & barrett limerick,-?57.69,Health & Fitness,2023-03-01,57.69
2023-05-03,Netflix.com monthly,-20.64,Entertainment & Subscriptions,2023-05-03,20.64
"Apr 22, 2025",nandos limerick,,Dining & Takeaway,2025-04-22,39.96
2025.01.16,dunnes stores dundalk,-18.99,Groceries,2025-01-16,18.99
21/02/2023,Marks & Spencer Food,68.99,Groceries,2023-02-21,68.99
2024-01-22,APPLE STORE RETAIL,-133.21,Shopping,2024-01-22,133.21
09/10/2023,Tesco Express,-22.42,Groceries,2023-10-09,22.42
2024-10-19,FREE NOW TAXI DUBLIN,39.45,Transport,2024-10-19,39.45
2024-08-01,lidl 2451 kilkenny,?139.08,Groceries,2024-08-01,139.08
29/05/2025,Nandos DUBLIN,-3.80,Dining & Takeaway,2025-05-29,3.8
2023-09-29,SPAR EXPRESS KILKENNY,-43.67,Groceries,2023-09-29,43.67
2024-08-22,Dominos Pizza Dundalk,?11.58,Dining & Takeaway,2024-08-22,11.58
2023-11-09,JUST EAT 6728,-?27.08,Dining & Takeaway,2023-11-09,27.08
2023-05-17,Lidl 5920 GALWAY,-?77.31,Groceries,2023-05-17,77.31
2023-09-10,ELECTRIC IRELAND DD,-?158.92,Utilities & Bills,2023-09-10,158.92
2025-03-29,SPAR EXPRESS BRAY,?115.07,Groceries,2025-03-29,115.07
08/02/2025,Tesco Extra Galway,77.89 EUR,Groceries,2025-02-08,77.89
2024-04-16,DART TICKET MACHINE,-?33.95,Transport,2024-04-16,33.95
2025-04-12,Physiotherapy Care Dublin,-34.75,Health & Fitness,2025-04-12,34.75
2023.09.01,Lidl 9741 DUBLIN,-11.00,Groceries,2023-09-01,11.0
2023-07-13,Nandos KILKENNY,-41.74,Dining & Takeaway,2023-07-13,41.74
2024-06-30,Marks & Spencer Food,-29.69,Groceries,2024-06-30,29.69
04/01/2025,DUNNES STORES SWORDS,-69.87,Groceries,2025-01-04,69.87
20/01/2024,DUBLIN BUS 3128,29.14 EUR,Transport,2024-01-20,29.14
2025.05.10,Boots Healthcare LIMERICK,-?38.28,Health & Fitness,2025-05-10,38.28
01/10/2023,  ASOS.COM ORDERS   ,-?10.00,Shopping,2023-10-01,10.0
09/02/2023,ALDI STORE 5349,-43.57,Groceries,2023-02-09,43.57
2024-10-15,  SPOTIFY AB 5182 EUR   ,-9.54,Entertainment & Subscriptions,2024-10-15,9.54
2023-01-24,  TK MAXX KILKENNY   ,-126.86,Shopping,2023-01-24,126.86
18/10/2024,TESCO EXTRA GALWAY,-67.76,Groceries,2024-10-18,67.76
"Dec 27, 2023",TK MAXX KILKENNY,-77.49,Shopping,2023-12-27,77.49
2023.02.05,LIDL IRELAND,-?72.30,Groceries,2023-02-05,72.3
2024-03-09,  CIRCLE K BRAY   ,-2.40,Transport,2024-03-09,2.4
"Jan 26, 2023",  TESCO EXTRA SWORDS   ,-37.46,Groceries,2023-01-26,37.46
2023-10-05,Lidl 6241 DUNDALK,-?18.00,Groceries,2023-10-05,18.0
24/03/2024,ASOS.COM ORDERS,-?107.73,Shopping,2024-03-24,107.73
02/02/2023,Dominos Pizza SWORDS,-36.26,Dining & Takeaway,2023-02-02,36.26
2025-02-17,PureGym Direct Debit,-12.00,Health & Fitness,2025-02-17,12.0
2023-05-13,FREE NOW TAXI DUBLIN,-23.19,Transport,2023-05-13,23.19
17/02/2023,ELECTRIC IRELAND DD,-189.49,Utilities & Bills,2023-02-17,189.49
2025-01-02,DUBLIN BUS 8125,-46.82,Transport,2025-01-02,46.82
2025-02-10,Steam Games Purchase,?9.15,Entertainment & Subscriptions,2025-02-10,9.15
2023-08-06,RYANAIR *9986 AIRLINE,-?427.54,Travel,2023-08-06,427.54
31/03/2025,Tesco Express,?55.76,Groceries,2025-03-31,55.76
2024-07-07,  AMZN PRIME MEMBER   ,-?6.48,Entertainment & Subscriptions,2024-07-07,6.48
"Mar 12, 2024",  AMZN Mktp UK*6429   ,-77.70,Shopping,2024-03-12,77.7
30/06/2023,supervalu limerick,99.15,Groceries,2023-06-30,99.15
12/06/2023,CIRCLE K DUNDALK,-39.98,Transport,2023-06-12,39.98
13/12/2024,  Audible UK Monthly   ,-7.25,Entertainment & Subscriptions,2024-12-13,7.25
13/01/2025,uber *trip 3078,27.67,Transport,2025-01-13,27.67
18/06/2025,SuperValu LIMERICK,-?57.87,Groceries,2025-06-18,57.87
2023.05.15,APPLE STORE RETAIL,-862.93,Shopping,2023-05-15,862.93
2024-02-08,ZARA IRELAND BRAY,13.63 EUR,Shopping,2024-02-08,13.63
2023-07-30,DART TICKET MACHINE,-25.26,Transport,2023-07-30,25.26
2023-03-04,SuperValu DUNDALK,-64.22,Groceries,2023-03-04,64.22
2025-01-11,Tesco Express,-73.82,Groceries,2025-01-11,73.82
2023-10-29,,-?13.05,Transport,2023-10-29,13.05
2023-05-01,,-?6.12,Transport,2023-05-01,6.12
2024-04-22,TESCO EXTRA KILKENNY,-?32.73,Groceries,2024-04-22,32.73
2025-06-13,supervalu swords,-67.63,Groceries,2025-06-13,67.63
14/01/2023,THE LOCAL PUB & GRILL,-31.75,Dining & Takeaway,2023-01-14,31.75
2024-05-26,  SPAR EXPRESS SWORDS   ,?29.09,Groceries,2024-05-26,29.09
2023-06-11,tfi leap card topup,-?41.46,Transport,2023-06-11,41.46
2023.07.29,JUST EAT 7156,-19.61,Dining & Takeaway,2023-07-29,19.61
"Jun 16, 2023",  APPLE.COM/BILL   ,-?17.90,Entertainment & Subscriptions,2023-06-16,17.9
2023-04-04,,,Travel,2023-04-04,256.52
"Jan 09, 2023",ZARA IRELAND SWORDS,-10.00,Shopping,2023-01-09,10.0
2024-07-26,Insomnia Coffee Co,-23.13,Dining & Takeaway,2024-07-26,23.13
2023-11-13,brown thomas dublin,-10.00,Shopping,2023-11-13,10.0
2025-01-05,nandos swords,?31.88,Dining & Takeaway,2025-01-05,31.88
2025-05-18,DART TICKET MACHINE,-?31.21,Transport,2025-05-18,31.21
2025-02-08,,-?34.11,Health & Fitness,2025-02-08,34.11
2023-04-13,Steam Games Purchase,?7.52,Entertainment & Subscriptions,2023-04-13,7.52
2025-02-18,Gourmet Burger Kitchen,29.60,Dining & Takeaway,2025-02-18,29.6
2023-12-20,Irish Water Direct Debit,107.02,Utilities & Bills,2023-12-20,107.02
2025-05-29,Applegreen Motorway Services,11.79,Transport,2025-05-29,11.79
2024-08-21,aldi store 3636,8.50,Groceries,2024-08-21,8.5
23/06/2025,ALDI IRELAND GMBH,-27.91,Groceries,2025-06-23,27.91
2024-10-11,odeon cinemas bray,-?23.41,Entertainment & Subscriptions,2024-10-11,23.41
2025-06-24,uber *trip 2757,-41.88,Transport,2025-06-24,41.88
18/06/2023,Gourmet Burger Kitchen,-10.79,Dining & Takeaway,2023-06-18,10.79
2023-01-04,Dunnes Stores Dundalk,-56.77,Groceries,2023-01-04,56.77
2025-03-14,  DELIVEROO.IE *7131   ,-?10.07,Dining & Takeaway,2025-03-14,10.07
2024-11-28,SuperValu GALWAY,-63.75,Groceries,2024-11-28,63.75
2023-08-17,JUST EAT 2187,-28.39,Dining & Takeaway,2023-08-17,28.39
07/05/2025,  AIRBNB * 7091   ,-?181.91,Travel,2025-05-07,181.91
2023-04-12,Boojum Burrito DUBLIN,34.99,Dining & Takeaway,2023-04-12,34.99
2023-08-18,ikea dublin store,38.03 EUR,Shopping,2023-08-18,38.03
11/09/2024,aldi store 2156,?26.09,Groceries,2024-09-11,26.09
2023-05-23,  APPLE STORE RETAIL   ,,Shopping,2023-05-23,95.38
2023-02-15,ALDI STORE 5315,-39.59,Groceries,2023-02-15,39.59
2024-08-09,Boojum Burrito DUBLIN,-16.14,Dining & Takeaway,2024-08-09,16.14
09/09/2023,Applegreen Motorway Services,-34.48,Transport,2023-09-09,34.48
19/03/2025,ALDI STORE 7932,-?64.94,Groceries,2025-03-19,64.94
2023.09.22,AMZN Mktp UK*2904,-?20.63,Shopping,2023-09-22,20.63
2025-06-13,aldi ireland gmbh,-57.31,Groceries,2025-06-13,57.31
2024.10.14,Dominos Pizza CORK,57.68,Dining & Takeaway,2024-10-14,57.68
04/01/2024,Dunnes Stores Dublin,-66.40,Groceries,2024-01-04,66.4
2023.05.24,  DART TICKET MACHINE   ,-?21.42,Transport,2023-05-24,21.42
2024-05-15,AER LINGUS DUBLIN,-38.02,Travel,2024-05-15,38.02
2024-04-16,DART TICKET MACHINE,-9.01,Transport,2024-04-16,9.01
07/03/2024,BOOTS PHARMACY DUBLIN,-?10.00,Shopping,2024-03-07,10.0
2023-12-09,Amazon.de Purchase,-14.05,Shopping,2023-12-09,14.05
2023-03-01,disney plus monthly,?10.10,Entertainment & Subscriptions,2023-03-01,10.1
"Jun 26, 2024",SHELL PETROL 3120,20.25,Transport,2024-06-26,20.25
02/06/2025,  Amazon.de Purchase   ,-?10.00,Shopping,2025-06-02,10.0
2025-03-09,IRISH RAIL ONLINE,-44.99,Transport,2025-03-09,44.99
2024-11-09,  Amazon.de Purchase   ,-72.17,Shopping,2024-11-09,72.17
10/07/2023,DELIVEROO.IE *9958,-?10.40,Dining & Takeaway,2023-07-10,10.4
"Jun 30, 2024",Audible Uk Monthly,?5.88,Entertainment & Subscriptions,2024-06-30,5.88
28/07/2024,ALDI STORE 5899,-32.55,Groceries,2024-07-28,32.55
"Jul 08, 2023",Nandos DUNDALK,-25.53,Dining & Takeaway,2023-07-08,25.53
"Sep 23, 2023",ALDI STORE 4097,-49.38,Groceries,2023-09-23,49.38
2024-12-02,Brown Thomas Dublin,-73.40,Shopping,2024-12-02,73.4
2023-01-12,Gourmet Burger Kitchen,10.38,Dining & Takeaway,2023-01-12,10.38
"Nov 30, 2024",TESCO EXTRA DUBLIN,?53.27,Groceries,2024-11-30,53.27
2023-06-29,SPAR EXPRESS CORK,?74.22,Groceries,2023-06-29,74.22
05/02/2024,ALDI IRELAND GMBH,-?42.98,Groceries,2024-02-05,42.98
2024-12-30,DELIVEROO.IE *4955,-?19.10,Dining & Takeaway,2024-12-30,19.1
21/06/2023,shell petrol 9006,-10.11,Transport,2023-06-21,10.11
2023-09-06,Insomnia Coffee Co,-?59.85,Dining & Takeaway,2023-09-06,59.85
"Apr 13, 2023",  Starbucks Coffee #9845   ,?34.50,Dining & Takeaway,2023-04-13,34.5
"Aug 19, 2024",  THE LOCAL PUB & GRILL   ,-3.80,Dining & Takeaway,2024-08-19,3.8
2024-06-19,AMZN PRIME MEMBER,-15.66,Entertainment & Subscriptions,2024-06-19,15.66
2023-04-28,DUNNES STORES GALWAY,-50.44,Groceries,2023-04-28,50.44
2024-09-28,AER LINGUS DUBLIN,-?119.63,Travel,2024-09-28,119.63
10/05/2025,lidl ireland,?141.41,Groceries,2025-05-10,141.41
2023-09-18,Costa Coffee SWORDS,-?65.75,Dining & Takeaway,2023-09-18,65.75
2023-12-28,electric ireland dd,-69.59,Utilities & Bills,2023-12-28,69.59
2023-11-26,  BOOTS PHARMACY KILKENNY   ,-?41.88,Shopping,2023-11-26,41.88
"Nov 16, 2024",lidl ireland,-?99.71,Groceries,2024-11-16,99.71
2023-06-09,TESCO EXTRA GALWAY,-?85.61,Groceries,2023-06-09,85.61
2023-12-19,THE LOCAL PUB & GRILL,5.97,Dining & Takeaway,2023-12-19,5.97
2025-04-27,SuperValu BRAY,?48.93,Groceries,2025-04-27,48.93
2024-06-15,,-?31.04,Groceries,2024-06-15,31.04
2023-01-28,LIDL IRELAND,-82.04,Groceries,2023-01-28,82.04
2024-09-15,RYANAIR *1170 AIRLINE,126.51,Travel,2024-09-15,126.51
2023-11-10,Gourmet Burger Kitchen,?23.59,Dining & Takeaway,2023-11-10,23.59
11/02/2024,decathlon sports ireland,-78.79,Shopping,2024-02-11,78.79
2025-06-01,aldi store 7143,-51.28,Groceries,2025-06-01,51.28
2024-06-05,SHELL PETROL 8444,-2.40,Transport,2024-06-05,2.4
2025-03-23,CIRCLE K BRAY,-?9.53,Transport,2025-03-23,9.53
2023-09-04,DELIVEROO.IE *8415,24.02,Dining & Takeaway,2023-09-04,24.02
2024-11-28,dominos pizza dundalk,-3.80,Dining & Takeaway,2024-11-28,3.8
2023-07-17,LIDL IRELAND,-35.27,Groceries,2023-07-17,35.27
2025-03-17,IKEA DUBLIN STORE,?127.72,Shopping,2025-03-17,127.72
2024.01.04,JUST EAT 9305,-27.32,Dining & Takeaway,2024-01-04,27.32
2025-04-27,IRISH RAIL ONLINE,-2.40,Transport,2025-04-27,2.4
2024-03-17,  Marks & Spencer Food   ,-52.01,Groceries,2024-03-17,52.01
29/03/2025,ODEON CINEMAS BRAY,?6.44,Entertainment & Subscriptions,2025-03-29,6.44
2023.04.04,steam games purchase,18.56,Entertainment & Subscriptions,2023-04-04,18.56
2023-09-01,Irish Water Direct Debit,?160.95,Utilities & Bills,2023-09-01,160.95
2024-09-18,Audible UK Monthly,-?4.99,Entertainment & Subscriptions,2024-09-18,4.99
18/01/2023,Costa Coffee BRAY,8.51,Dining & Takeaway,2023-01-18,8.51
2023-07-14,Tesco Express,-57.15,Groceries,2023-07-14,57.15
2024.08.25,Marks & Spencer Food,69.79,Groceries,2024-08-25,69.79
31/03/2025,TESCO EXTRA DUBLIN,33.91,Groceries,2025-03-31,33.91
09/01/2024,Sky Ireland TV & Broadband,-80.54,Utilities & Bills,2024-01-09,80.54
2024-03-17,Brown Thomas Dublin,-28.41,Shopping,2024-03-17,28.41
2024-04-23,Nandos BRAY,-30.51,Dining & Takeaway,2024-04-23,30.51
2024-11-24,Lidl 9533 LIMERICK,-116.96,Groceries,2024-11-24,116.96
22/05/2025,SPAR EXPRESS KILKENNY,-71.09,Groceries,2025-05-22,71.09
16/04/2023,YOUTUBE PREMIUM,-25.87,Entertainment & Subscriptions,2023-04-16,25.87
2023.12.16,  LIDL IRELAND   ,?58.80,Groceries,2023-12-16,58.8
2023.11.02,deliveroo.ie *3626,-17.35,Dining & Takeaway,2023-11-02,17.35
2023.10.02,tesco extra galway,-8.50,Groceries,2023-10-02,8.5
2024-09-24,boots pharmacy galway,-141.08,Shopping,2024-09-24,141.08
2023-12-26,Mcdonalds Bray,-28.98,Dining & Takeaway,2023-12-26,28.98
2024-05-30,gourmet burger kitchen,-41.96,Dining & Takeaway,2024-05-30,41.96
"May 11, 2024",shell petrol 4757,?2.40,Transport,2024-05-11,2.4
26/04/2025,  UBER *TRIP 6783   ,-?33.25,Transport,2025-04-26,33.25
2025-05-17,ALDI IRELAND GMBH,-?31.88,Groceries,2025-05-17,31.88
2023.10.27,VODAFONE BILL PAY,-?92.22,Utilities & Bills,2023-10-27,92.22
2025-02-21,  ALDI STORE 1147   ,61.96,Groceries,2025-02-21,61.96
12/03/2025,ODEON CINEMAS BRAY,-20.66,Entertainment & Subscriptions,2025-03-12,20.66
2024-07-08,  Tesco Store #8602   ,-?46.27,Groceries,2024-07-08,46.27
2023-12-15,FREE NOW TAXI DUBLIN,-3.03,Transport,2023-12-15,3.03
"Aug 17, 2023",APPLE STORE RETAIL,?150.22,Shopping,2023-08-17,150.22
"Mar 23, 2024",APPLE.COM/BILL,?25.01,Entertainment & Subscriptions,2024-03-23,25.01
2024-09-17,insomnia coffee co,-?21.27,Dining & Takeaway,2024-09-17,21.27
2025-01-01,Tesco Express,?33.14,Groceries,2025-01-01,33.14
"Jan 08, 2025",Starbucks Coffee #5208,-7.09,Dining & Takeaway,2025-01-08,7.09
18/12/2024,costa coffee bray,-?60.02,Dining & Takeaway,2024-12-18,60.02
"Sep 29, 2024",Tesco Store #9062,-?84.10,Groceries,2024-09-29,84.1
21/08/2023,Tesco Store #2013,?41.65,Groceries,2023-08-21,41.65
20/04/2025,AMZN Mktp UK*4419,-58.33,Shopping,2025-04-20,58.33
2024-02-28,DELIVEROO.IE *8580,-24.35,Dining & Takeaway,2024-02-28,24.35
2024-11-22,CIRCLE K DUNDALK,-26.48,Transport,2024-11-22,26.48
"Feb 10, 2025",dunnes stores bray,-?28.80,Groceries,2025-02-10,28.8
11/10/2023,  Dentist Clinic Dublin   ,-?20.84,Health & Fitness,2023-10-11,20.84
16/06/2024,  Tesco Express   ,-?59.44,Groceries,2024-06-16,59.44
2023-01-16,  Physiotherapy Care Dublin   ,-?68.50,Health & Fitness,2023-01-16,68.5
23/09/2024,  Marks & Spencer Food   ,-?60.37,Groceries,2024-09-23,60.37
2024.03.25,PENNEYS PRIMARK DUBLIN,-10.00,Shopping,2024-03-25,10.0
2025-05-24,Nandos Dundalk,-10.07,Dining & Takeaway,2025-05-24,10.07
2023-04-28,  LIDL IRELAND   ,-86.94,Groceries,2023-04-28,86.94
26/07/2023,Boojum Burrito KILKENNY,-?12.95,Dining & Takeaway,2023-07-26,12.95
2023-10-22,Lidl 5361 LIMERICK,-45.07,Groceries,2023-10-22,45.07
17/05/2025,Applegreen Motorway Services,-18.84,Transport,2025-05-17,18.84
17/09/2024,dominos pizza bray,3.80,Dining & Takeaway,2024-09-17,3.8
2024-07-07,LEAP CARD AUTO TOPUP,-?12.98,Transport,2024-07-07,12.98
2023-03-25,  Marks & Spencer Food   ,-88.28,Groceries,2023-03-25,88.28
2023.06.24,  Dominos Pizza SWORDS   ,-61.08,Dining & Takeaway,2023-06-24,61.08
18/02/2024,SHELL PETROL 2950,-50.20,Transport,2024-02-18,50.2
17/07/2023,aldi store 6104,-?74.97,Groceries,2023-07-17,74.97
28/06/2023,CIRCLE K KILKENNY,-?26.51,Transport,2023-06-28,26.51
14/01/2024,Gourmet Burger Kitchen,63.73,Dining & Takeaway,2024-01-14,63.73
2025-04-08,Physiotherapy Care Dublin,-?53.17,Health & Fitness,2025-04-08,53.17
03/04/2023,ALDI STORE 2645,-?59.84,Groceries,2023-04-03,59.84
2025-02-07,SHELL PETROL 6643,-17.37,Transport,2025-02-07,17.37
2024-03-09,LEAP CARD AUTO TOPUP,?32.30,Transport,2024-03-09,32.3
2023-05-28,LEAP CARD AUTO TOPUP,-?34.38,Transport,2023-05-28,34.38
"Aug 05, 2024",DART TICKET MACHINE,?37.15,Transport,2024-08-05,37.15
2025-06-04,FLYEfit Gym Monthly DD,-41.73,Health & Fitness,2025-06-04,41.73
2024-10-03,,-?77.07,Groceries,2024-10-03,77.07
2023-09-23,SHELL PETROL 8469,-2.40,Transport,2023-09-23,2.4
"Apr 02, 2025",tesco express,-65.25,Groceries,2025-04-02,65.25
2023-08-23,UBER *TRIP 1916,-10.49,Transport,2023-08-23,10.49
2025-04-28,Starbucks Coffee #1331,3.80,Dining & Takeaway,2025-04-28,3.8
23/10/2023,LIDL IRELAND,-8.50,Groceries,2023-10-23,8.5
2023-06-02,  Steam Games Purchase   ,-4.99,Entertainment & Subscriptions,2023-06-02,4.99
2023-11-14,DUBLIN BUS 7427,?6.61,Transport,2023-11-14,6.61
06/05/2024,ALDI IRELAND GMBH,65.07,Groceries,2024-05-06,65.07
08/08/2023,AER LINGUS DUBLIN,-?182.49,Travel,2023-08-08,182.49
2025-02-10,Marks & Spencer Food,-74.63,Groceries,2025-02-10,74.63
2025-05-15,  Tesco Express   ,?26.12,Groceries,2025-05-15,26.12
2024-02-11,APPLE STORE RETAIL,-36.34,Shopping,2024-02-11,36.34
2025-05-22,  PLAYSTATION NETWORK 7168   ,-?16.30,Entertainment & Subscriptions,2025-05-22,16.3
2023-09-04,HOTELS.COM RESERVATION,-116.91,Travel,2023-09-04,116.91
2024-12-16,Starbucks Coffee #8507,?47.89,Dining & Takeaway,2024-12-16,47.89
2023.09.22,JUST EAT 7027,-66.55,Dining & Takeaway,2023-09-22,66.55
2024-06-02,ALDI IRELAND GMBH,-?64.01,Groceries,2024-06-02,64.01
2024-06-14,  Tesco Express   ,?9.58,Groceries,2024-06-14,9.58
2023.09.21,Aldi Store 4901,?78.10,Groceries,2023-09-21,78.1
2025.04.16,AMZN PRIME MEMBER,-?20.69,Entertainment & Subscriptions,2025-04-16,20.69
2023-02-14,Boots Healthcare DUBLIN,?43.97,Health & Fitness,2023-02-14,43.97
28/08/2023,Lidl 6215 BRAY,-?45.57,Groceries,2023-08-28,45.57
26/10/2023,dunnes stores bray,39.50,Groceries,2023-10-26,39.5
2023-09-18,Starbucks Coffee #1066,-3.80,Dining & Takeaway,2023-09-18,3.8
2024-10-23,steam games purchase,-?20.55,Entertainment & Subscriptions,2024-10-23,20.55
2024-04-28,SHELL PETROL 6007,-2.40,Transport,2024-04-28,2.4
2024-06-03,asos.com orders,-?10.88,Shopping,2024-06-03,10.88
2024-03-16,decathlon sports ireland,10.00,Shopping,2024-03-16,10.0
"Jan 02, 2023",FLYEfit Gym Monthly DD,-52.50,Health & Fitness,2023-01-02,52.5
2024-05-21,Marks & Spencer Food,?51.28,Groceries,2024-05-21,51.28
22/08/2024,APPLE STORE RETAIL,91.08 EUR,Shopping,2024-08-22,91.08
2023-10-29,  Dentist Clinic Dublin   ,85.19,Health & Fitness,2023-10-29,85.19
02/06/2023,  Tesco Express   ,-60.05,Groceries,2023-06-02,60.05
2023.04.20,playstation network 4079,-?11.87,Entertainment & Subscriptions,2023-04-20,11.87
2025.02.01,,?4.65,Dining & Takeaway,2025-02-01,4.65
2024-07-05,Costa Coffee CORK,-?48.71,Dining & Takeaway,2024-07-05,48.71
2024.10.17,ELECTRIC IRELAND DD,-44.98,Utilities & Bills,2024-10-17,44.98
2024-07-17,  SPAR EXPRESS LIMERICK   ,8.50,Groceries,2024-07-17,8.5
2024-03-29,lidl ireland,-48.73,Groceries,2024-03-29,48.73
"Jan 12, 2023",THE LOCAL PUB & GRILL,-11.28,Dining & Takeaway,2023-01-12,11.28
2024-09-01,LIDL IRELAND,63.58,Groceries,2024-09-01,63.58
2024-06-20,Applegreen Motorway Services,-?24.10,Transport,2024-06-20,24.1
2024-12-26,Lidl 2745 LIMERICK,-70.23,Groceries,2024-12-26,70.23
2024-12-16,YOUTUBE PREMIUM,-?16.99,Entertainment & Subscriptions,2024-12-16,16.99
2025-02-17,PENNEYS PRIMARK CORK,-78.89,Shopping,2025-02-17,78.89
21/10/2024,  TESCO EXTRA BRAY   ,-?60.10,Groceries,2024-10-21,60.1
2024-02-25,,-?102.23,Utilities & Bills,2024-02-25,102.23
2024-05-18,Tesco Express,-?75.66,Groceries,2024-05-18,75.66
"Jul 08, 2024",PureGym Direct Debit,55.61,Health & Fitness,2024-07-08,55.61
02/02/2025,DUNNES STORES CORK,77.81,Groceries,2025-02-02,77.81
"Dec 31, 2023",Nandos DUNDALK,446.34,Dining & Takeaway,2023-12-31,446.34
2023-10-01,APPLE.COM/BILL,?5.79,Entertainment & Subscriptions,2023-10-01,5.79
2025-04-08,netflix.com monthly,-10.39,Entertainment & Subscriptions,2025-04-08,10.39
2023-02-14,Irish Water Direct Debit,-36.30,Utilities & Bills,2023-02-14,36.3
2023.05.27,,-?60.82,Dining & Takeaway,2023-05-27,60.82
17/11/2023,TESCO EXTRA DUBLIN,-102.25,Groceries,2023-11-17,102.25
2023-01-17,sky ireland tv & broadband,,Utilities & Bills,2023-01-17,170.03
2023-07-23,Physiotherapy Care Dublin,-?44.52,Health & Fitness,2023-07-23,44.52
2023-07-07,lidl ireland,-73.93,Groceries,2023-07-07,73.93
"Dec 27, 2024",,?58.37,Groceries,2024-12-27,58.37
2023-10-04,Boojum Burrito KILKENNY,3.80 EUR,Dining & Takeaway,2023-10-04,3.8
"Jan 01, 2024",,-?76.91,Groceries,2024-01-01,76.91
2024-07-06,  DELIVEROO.IE *7666   ,-44.50,Dining & Takeaway,2024-07-06,44.5
2023-06-09,TFI Leap Card Topup,-37.00,Transport,2023-06-09,37.0
2023-08-21,APPLE STORE RETAIL,-?101.18,Shopping,2023-08-21,101.18
2025-06-23,AMZN PRIME MEMBER,-6.49,Entertainment & Subscriptions,2025-06-23,6.49
2024-08-17,ODEON CINEMAS CORK,,Entertainment & Subscriptions,2024-08-17,17.97
2024-10-02,just eat 9167,-41.44,Dining & Takeaway,2024-10-02,41.44
24/09/2023,Gourmet Burger Kitchen,-25.71,Dining & Takeaway,2023-09-24,25.71
20/03/2023,FREE NOW TAXI DUBLIN,-?15.99,Transport,2023-03-20,15.99
2024-09-01,AMZN PRIME MEMBER,?16.55,Entertainment & Subscriptions,2024-09-01,16.55
2025-02-07,Decathlon Sports Ireland,-?54.90,Shopping,2025-02-07,54.9
2023.01.18,  Tesco Express   ,-80.91,Groceries,2023-01-18,80.91
2025-04-15,  DUNNES STORES LIMERICK   ,?34.74,Groceries,2025-04-15,34.74
27/12/2024,ALDI STORE 6036,-92.77,Groceries,2024-12-27,92.77
2024-08-13,TK MAXX DUBLIN,-?86.08,Shopping,2024-08-13,86.08
2024-04-19,Gourmet Burger Kitchen,?70.05,Dining & Takeaway,2024-04-19,70.05
21/03/2025,  Tesco Store #8093   ,-48.59,Groceries,2025-03-21,48.59
2023-11-24,  SuperValu DUNDALK   ,-?53.06,Groceries,2023-11-24,53.06
2025-06-11,,10.60 EUR,Transport,2025-06-11,10.6
2023-07-27,APPLE STORE RETAIL,-?106.14,Shopping,2023-07-27,106.14
2024-11-16,IKEA DUBLIN STORE,-55.36,Shopping,2024-11-16,55.36
2024.01.22,dunnes stores dublin,?68.30,Groceries,2024-01-22,68.3
2024-11-18,DISNEY PLUS MONTHLY,-4.99,Entertainment & Subscriptions,2024-11-18,4.99
2023-05-04,Bord Gais Energy DD,78.56 EUR,Utilities & Bills,2023-05-04,78.56
2024-10-19,TESCO EXTRA GALWAY,-112.40,Groceries,2024-10-19,112.4
2024.07.09,just eat 5509,32.94 EUR,Dining & Takeaway,2024-07-09,32.94
"Jul 18, 2024",SPAR EXPRESS BRAY,?64.83,Groceries,2024-07-18,64.83
13/04/2023,Gourmet Burger Kitchen,32.54,Dining & Takeaway,2023-04-13,32.54
2024-12-02,netflix.com monthly,-?28.28,Entertainment & Subscriptions,2024-12-02,28.28
08/05/2024,,48.02,Transport,2024-05-08,48.02
10/02/2025,IKEA DUBLIN STORE,-?33.59,Shopping,2025-02-10,33.59
2023-10-10,ALDI STORE 9840,56.91,Groceries,2023-10-10,56.91
2025-01-18,  SHELL PETROL 2617   ,-2.40,Transport,2025-01-18,2.4
2024-07-29,  Gourmet Burger Kitchen   ,-3.80,Dining & Takeaway,2024-07-29,3.8
2025-05-30,leap card auto topup,-?2.40,Transport,2025-05-30,2.4
2023-08-31,SPAR EXPRESS DUNDALK,-37.32,Groceries,2023-08-31,37.32
2023-06-06,Insomnia Coffee Co,-14.94,Dining & Takeaway,2023-06-06,14.94
04/04/2025,SuperValu BRAY,?81.64,Groceries,2025-04-04,81.64
2024-10-14,Aldi Store 1176,-?28.50,Groceries,2024-10-14,28.5
"Dec 26, 2024",BOOTS PHARMACY DUBLIN,-?173.90,Shopping,2024-12-26,173.9
2023-05-29,Tesco Store #3568,-73.21,Groceries,2023-05-29,73.21
"Apr 07, 2023",FREE NOW TAXI DUBLIN,-31.36,Transport,2023-04-07,31.36
2023-07-14,ZARA IRELAND SWORDS,-?76.45,Shopping,2023-07-14,76.45
06/05/2023,FREE NOW TAXI DUBLIN,?31.45,Transport,2023-05-06,31.45
2024-10-31,Dominos Pizza DUBLIN,-47.01,Dining & Takeaway,2024-10-31,47.01
2024-09-06,apple store retail,-71.77,Shopping,2024-09-06,71.77
2023-05-27,,-99.39,Dining & Takeaway,2023-05-27,99.39
2025-02-15,Nandos CORK,-4.74,Dining & Takeaway,2025-02-15,4.74
24/09/2023,  SuperValu GALWAY   ,-?37.36,Groceries,2023-09-24,37.36
2025.03.30,Physiotherapy Care Dublin,-41.20,Health & Fitness,2025-03-30,41.2
2025-04-10,Dentist Clinic Dublin,-?48.03,Health & Fitness,2025-04-10,48.03
15/02/2024,Irish Water Direct Debit,-93.91,Utilities & Bills,2024-02-15,93.91
2023-05-28,DELIVEROO.IE *8543,-51.49,Dining & Takeaway,2023-05-28,51.49
2023-03-20,Applegreen Motorway Services,-?34.43,Transport,2023-03-20,34.43
"Mar 21, 2023",Lidl 4946 DUBLIN,-?69.24,Groceries,2023-03-21,69.24
31/05/2025,Brown Thomas Dublin,-?47.38,Shopping,2025-05-31,47.38
16/11/2024,physiotherapy care dublin,-39.87,Health & Fitness,2024-11-16,39.87
2024-05-05,Penneys Primark Bray,114.57 EUR,Shopping,2024-05-05,114.57
2024-08-14,Boojum Burrito KILKENNY,-23.52,Dining & Takeaway,2024-08-14,23.52
2024-01-29,Boojum Burrito DUNDALK,?32.50,Dining & Takeaway,2024-01-29,32.5
2023-05-25,JUST EAT 2073,-33.20,Dining & Takeaway,2023-05-25,33.2
13/07/2024,  LIDL IRELAND   ,-106.83,Groceries,2024-07-13,106.83
2023-05-10,Nandos DUNDALK,-32.19,Dining & Takeaway,2023-05-10,32.19
2023-01-08,Nandos CORK,?25.47,Dining & Takeaway,2023-01-08,25.47
2023-12-16,McDonalds LIMERICK,-35.55,Dining & Takeaway,2023-12-16,35.55
2023-03-15,DUBLIN BUS 8247,?16.33,Transport,2023-03-15,16.33
2024-10-28,ALDI IRELAND GMBH,82.97,Groceries,2024-10-28,82.97
2023-06-28,  Gym Plus Membership   ,?50.99,Health & Fitness,2023-06-28,50.99
2024-02-29,SuperValu CORK,-?35.88,Groceries,2024-02-29,35.88
"Jul 16, 2023",  DELIVEROO.IE *8775   ,?55.40,Dining & Takeaway,2023-07-16,55.4
2023-12-29,  Gourmet Burger Kitchen   ,57.39,Dining & Takeaway,2023-12-29,57.39
2024.09.13,  Costa Coffee KILKENNY   ,-26.16,Dining & Takeaway,2024-09-13,26.16
2023-09-30,AMZN Mktp UK*1943,-10.00,Shopping,2023-09-30,10.0
15/08/2024,Amzn Prime Member,30.77 EUR,Entertainment & Subscriptions,2024-08-15,30.77
2023-09-04,ALDI STORE 4449,-24.02,Groceries,2023-09-04,24.02
2024-04-29,DUNNES STORES KILKENNY,42.24,Groceries,2024-04-29,42.24
2023.01.06,ALDI IRELAND GMBH,-38.25,Groceries,2023-01-06,38.25
11/01/2023,Bord Gais Energy DD,-?112.41,Utilities & Bills,2023-01-11,112.41
2023.10.06,LIDL IRELAND,-76.43,Groceries,2023-10-06,76.43
16/04/2024,ASOS.COM ORDERS,-169.10,Shopping,2024-04-16,169.1
07/02/2025,ALDI IRELAND GMBH,-86.41,Groceries,2025-02-07,86.41
2024-07-30,SuperValu DUNDALK,-?33.71,Groceries,2024-07-30,33.71
"Apr 02, 2024",Dart Ticket Machine,-2.40,Transport,2024-04-02,2.4
2023-06-27,BOOTS PHARMACY KILKENNY,137.98,Shopping,2023-06-27,137.98
2024-04-03,the local pub & grill,?50.58,Dining & Takeaway,2024-04-03,50.58
2023-05-24,Gourmet Burger Kitchen,42.97 EUR,Dining & Takeaway,2023-05-24,42.97
2023-02-07,Insomnia Coffee Co,-?28.81,Dining & Takeaway,2023-02-07,28.81
2025-01-10,Applegreen Motorway Services,?9.25,Transport,2025-01-10,9.25
14/01/2025,  Gourmet Burger Kitchen   ,-10.84,Dining & Takeaway,2025-01-14,10.84
09/08/2023,Shell Petrol 7492,-45.24,Transport,2023-08-09,45.24
"Oct 12, 2024",Marks & Spencer Food,-?12.61,Groceries,2024-10-12,12.61
22/06/2025,dominos pizza dublin,-17.12,Dining & Takeaway,2025-06-22,17.12
2024-04-09,aldi ireland gmbh,-?72.32,Groceries,2024-04-09,72.32
2024-11-04,aldi ireland gmbh,?40.81,Groceries,2024-11-04,40.81
2025-01-14,apple.com/bill,-28.15,Entertainment & Subscriptions,2025-01-14,28.15
18/08/2023,Nandos DUNDALK,18.71 EUR,Dining & Takeaway,2023-08-18,18.71
2025-05-14,Lidl 4530 BRAY,-?52.53,Groceries,2025-05-14,52.53
2023-07-01,Nandos SWORDS,-76.59,Dining & Takeaway,2023-07-01,76.59
2023-10-09,Gourmet Burger Kitchen,-?3.80,Dining & Takeaway,2023-10-09,3.8
2024-08-31,ALDI IRELAND GMBH,-46.80,Groceries,2024-08-31,46.8
31/01/2023,circle k bray,?4.69,Transport,2023-01-31,4.69
2023-01-02,Boojum Burrito CORK,-46.75,Dining & Takeaway,2023-01-02,46.75
2025-05-13,  Nandos CORK   ,-?30.01,Dining & Takeaway,2025-05-13,30.01
"May 07, 2024",youtube premium,?25.71,Entertainment & Subscriptions,2024-05-07,25.71
02/01/2023,  THE LOCAL PUB & GRILL   ,?36.77,Dining & Takeaway,2023-01-02,36.77
2024-03-13,Dublin Bus 5705,9.84 EUR,Transport,2024-03-13,9.84
18/04/2025,ODEON CINEMAS BRAY,-4.99,Entertainment & Subscriptions,2025-04-18,4.99
2025-02-13,  Lidl 7515 DUBLIN   ,-23.89,Groceries,2025-02-13,23.89
04/12/2024,The Local Pub & Grill,-20.10,Dining & Takeaway,2024-12-04,20.1
2025-04-12,Nandos DUBLIN,?48.34,Dining & Takeaway,2025-04-12,48.34
10/01/2023,Holland & Barrett SWORDS,-56.91,Health & Fitness,2023-01-10,56.91
2024-09-02,nandos bray,-19.20,Dining & Takeaway,2024-09-02,19.2
11/02/2023,McDonalds BRAY,-18.19,Dining & Takeaway,2023-02-11,18.19
2024-04-29,Aldi Ireland Gmbh,-?71.32,Groceries,2024-04-29,71.32
2025-06-22,,?11.04,Dining & Takeaway,2025-06-22,11.04
2023-07-22,  Council Tax Payment   ,-94.38,Utilities & Bills,2023-07-22,94.38
2023-06-28,just eat 1258,-3.80,Dining & Takeaway,2023-06-28,3.8
2024-09-25,SuperValu GALWAY,72.20 EUR,Groceries,2024-09-25,72.2
2024-02-13,TESCO EXTRA GALWAY,91.83,Groceries,2024-02-13,91.83
2023-05-21,supervalu swords,-?36.65,Groceries,2023-05-21,36.65
21/06/2023,Tesco Store #2062,-?90.70,Groceries,2023-06-21,90.7
2023-11-16,Council Tax Payment,-85.45,Utilities & Bills,2023-11-16,85.45
2024-10-26,SuperValu DUBLIN,-76.40,Groceries,2024-10-26,76.4
27/09/2023,Starbucks Coffee #9502,-25.95,Dining & Takeaway,2023-09-27,25.95
2023.07.25,Irish Water Direct Debit,-?93.81,Utilities & Bills,2023-07-25,93.81
2024-04-08,  BOOTS PHARMACY DUBLIN   ,114.66,Shopping,2024-04-08,114.66
2023-12-08,Applegreen Motorway Services,-2.40,Transport,2023-12-08,2.4
2023-08-16,ALDI IRELAND GMBH,-68.97,Groceries,2023-08-16,68.97
2025-01-20,Boojum Burrito SWORDS,-3.80,Dining & Takeaway,2025-01-20,3.8
2024-05-27,insomnia coffee co,-?15.90,Dining & Takeaway,2024-05-27,15.9
2024.07.13,SPAR EXPRESS LIMERICK,-74.83,Groceries,2024-07-13,74.83
"May 28, 2025",playstation network 9054,-24.97,Entertainment & Subscriptions,2025-05-28,24.97
2023-11-24,  SPAR EXPRESS DUBLIN   ,?57.62,Groceries,2023-11-24,57.62
2023-04-13,APPLE STORE RETAIL,-103.23,Shopping,2023-04-13,103.23
"Dec 29, 2023",  Nandos DUNDALK   ,-37.92,Dining & Takeaway,2023-12-29,37.92
13/04/2025,DAA DUTY FREE,-111.22,Travel,2025-04-13,111.22
2024-01-20,tesco store #2269,-31.41,Groceries,2024-01-20,31.41
2023-07-16,playstation network 4616,39.88,Entertainment & Subscriptions,2023-07-16,39.88
2023-08-09,UBER *TRIP 3344,-33.22,Transport,2023-08-09,33.22
2023-04-19,tesco extra kilkenny,?20.49,Groceries,2023-04-19,20.49
2023-07-19,Starbucks Coffee #3236,-?20.25,Dining & Takeaway,2023-07-19,20.25
28/04/2025,PLAYSTATION NETWORK 9311,-?4.99,Entertainment & Subscriptions,2025-04-28,4.99
08/09/2024,DART TICKET MACHINE,-?17.70,Transport,2024-09-08,17.7
2025-03-12,IRISH RAIL ONLINE,-?29.20,Transport,2025-03-12,29.2
2023-04-13,Tesco Extra Cork,-19.86,Groceries,2023-04-13,19.86
04/06/2024,IKEA DUBLIN STORE,-94.46,Shopping,2024-06-04,94.46
27/04/2023,Irish Water Direct Debit,-35.00,Utilities & Bills,2023-04-27,35.0
2023-11-09,Asos.Com Orders,-89.64,Shopping,2023-11-09,89.64
27/05/2025,TESCO EXTRA DUNDALK,-12.29,Groceries,2025-05-27,12.29
22/12/2024,  JUST EAT 5775   ,?30.23,Dining & Takeaway,2024-12-22,30.23
2023-12-17,DELIVEROO.IE *4281,?28.42,Dining & Takeaway,2023-12-17,28.42
"May 19, 2023",Sky Ireland TV & Broadband,-116.71,Utilities & Bills,2023-05-19,116.71
2024-04-17,SuperValu CORK,?28.98,Groceries,2024-04-17,28.98
2024-01-18,  Insomnia Coffee Co   ,13.73 EUR,Dining & Takeaway,2024-01-18,13.73
2024-07-15,Irish Rail Online,?34.91,Transport,2024-07-15,34.91
22/11/2024,amazon.de purchase,-?51.07,Shopping,2024-11-22,51.07
"Dec 14, 2024",DUNNES STORES LIMERICK,?62.34,Groceries,2024-12-14,62.34
2023-06-17,  AER LINGUS DUBLIN   ,-516.64,Travel,2023-06-17,516.64
2024-04-26,IRISH RAIL ONLINE,?31.64,Transport,2024-04-26,31.64
21/04/2023,CIRCLE K DUNDALK,14.92,Transport,2023-04-21,14.92
2024-05-31,Electric Ireland Dd,-35.00,Utilities & Bills,2024-05-31,35.0
2024-11-01,  Steam Games Purchase   ,29.23 EUR,Entertainment & Subscriptions,2024-11-01,29.23
"Dec 27, 2024",,?58.37,Groceries,2024-12-27,58.37
2024-12-17,spar express swords,-?11.50,Groceries,2024-12-17,11.5
2024-08-26,Nandos DUNDALK,-46.02,Dining & Takeaway,2024-08-26,46.02
2023-04-11,FREE NOW TAXI DUBLIN,47.09,Transport,2023-04-11,47.09
04/08/2024,the local pub & grill,-?42.23,Dining & Takeaway,2024-08-04,42.23
2023-03-18,youtube premium,?39.04,Entertainment & Subscriptions,2023-03-18,39.04
2024.07.30,Tesco Store #3619,26.19,Groceries,2024-07-30,26.19
25/08/2024,supervalu dublin,-12.46,Groceries,2024-08-25,12.46
2024-02-05,Insomnia Coffee Co,-39.00,Dining & Takeaway,2024-02-05,39.0
2024-04-14,tesco express,-26.88,Groceries,2024-04-14,26.88
15/10/2023,TESCO EXTRA BRAY,?41.98,Groceries,2023-10-15,41.98
09/06/2023,aldi ireland gmbh,-35.41,Groceries,2023-06-09,35.41
"Feb 09, 2025",Marks & Spencer Food,50.12,Groceries,2025-02-09,50.12
2025-02-26,tesco store #9810,-18.20,Groceries,2025-02-26,18.2
12/03/2023,Lidl 7568 DUBLIN,-84.43,Groceries,2023-03-12,84.43
2023-05-29,Nandos KILKENNY,?3.80,Dining & Takeaway,2023-05-29,3.8
2025-03-24,DUNNES STORES DUBLIN,94.94,Groceries,2025-03-24,94.94
2023.12.05,Boojum Burrito DUNDALK,-?36.95,Dining & Takeaway,2023-12-05,36.95
"May 19, 2025",ALDI STORE 9082,61.21,Groceries,2025-05-19,61.21
08/01/2023,THE LOCAL PUB & GRILL,-31.75,Dining & Takeaway,2023-01-08,31.75
"Apr 01, 2025",Nandos DUBLIN,31.27,Dining & Takeaway,2025-04-01,31.27
"Oct 16, 2023",Marks & Spencer Food,-?28.24,Groceries,2023-10-16,28.24
2024-05-26,McDonalds LIMERICK,-?40.75,Dining & Takeaway,2024-05-26,40.75
27/02/2023,  Insomnia Coffee Co   ,-22.51,Dining & Takeaway,2023-02-27,22.51
05/06/2024,,?57.34,Groceries,2024-06-05,57.34
2024-07-12,ODEON CINEMAS KILKENNY,-4.99,Entertainment & Subscriptions,2024-07-12,4.99
2024-06-11,SPOTIFY AB 6080 EUR,-18.59,Entertainment & Subscriptions,2024-06-11,18.59
2025-04-23,gourmet burger kitchen,-22.69,Dining & Takeaway,2025-04-23,22.69
2024-12-18,spar express kilkenny,-?101.90,Groceries,2024-12-18,101.9
2023.09.20,Physiotherapy Care Dublin,-40.65,Health & Fitness,2023-09-20,40.65
2024.07.21,  PLAYSTATION NETWORK 7820   ,-?5.99,Entertainment & Subscriptions,2024-07-21,5.99
2023-03-23,DELIVEROO.IE *2970,15.84,Dining & Takeaway,2023-03-23,15.84
2023-09-13,Lidl 2219 Dundalk,-?13.38,Groceries,2023-09-13,13.38
2023.11.22,VIRGIN MEDIA IRELAND,39.23,Utilities & Bills,2023-11-22,39.23
2024-11-26,,31.96,Groceries,2024-11-26,31.96
2024-09-06,gourmet burger kitchen,20.71,Dining & Takeaway,2024-09-06,20.71
2024-11-05,shell petrol 9563,-?2.40,Transport,2024-11-05,2.4
18/09/2023,CIRCLE K KILKENNY,-21.89,Transport,2023-09-18,21.89
2024-07-15,Gourmet Burger Kitchen,-?26.39,Dining & Takeaway,2024-07-15,26.39
22/01/2023,  ALDI IRELAND GMBH   ,?26.89,Groceries,2023-01-22,26.89
"Jun 13, 2023",Tesco Store #6026,?38.79,Groceries,2023-06-13,38.79
2023-07-19,Tesco Express,-8.50,Groceries,2023-07-19,8.5
29/02/2024,TK MAXX DUNDALK,147.81 EUR,Shopping,2024-02-29,147.81
2023-05-06,Marks & Spencer Food,?8.50,Groceries,2023-05-06,8.5
2025-04-05,ALDI IRELAND GMBH,15.27,Groceries,2025-04-05,15.27
2023-08-07,Puregym Direct Debit,-?45.40,Health & Fitness,2023-08-07,45.4
2024-12-14,PLAYSTATION NETWORK 9727,-11.37,Entertainment & Subscriptions,2024-12-14,11.37
2023-11-04,Circle K Cork,,Transport,2023-11-04,24.04
"Jun 04, 2024",Tesco Express,-33.57,Groceries,2024-06-04,33.57
2023-11-06,Boojum Burrito SWORDS,-?53.32,Dining & Takeaway,2023-11-06,53.32
2025-04-08,  BOOTS PHARMACY BRAY   ,-195.31,Shopping,2025-04-08,195.31
24/02/2025,Applegreen Motorway Services,-?18.88,Transport,2025-02-24,18.88
2023-09-02,SPAR EXPRESS LIMERICK,?70.38,Groceries,2023-09-02,70.38
2023-10-27,LIDL IRELAND,-76.71,Groceries,2023-10-27,76.71
2024-02-27,Boots Pharmacy Bray,?73.46,Shopping,2024-02-27,73.46
12/03/2025,Applegreen Motorway Services,2.40,Transport,2025-03-12,2.4
2025-04-24,ALDI STORE 1347,90.64,Groceries,2025-04-24,90.64
2023-07-03,irish rail online,?10.65,Transport,2023-07-03,10.65
2024-09-27,ALDI STORE 2326,71.91,Groceries,2024-09-27,71.91
2024-05-31,Lidl 3069 CORK,?69.16,Groceries,2024-05-31,69.16
"Aug 03, 2023",shell petrol 6353,-8.26,Transport,2023-08-03,8.26
02/04/2024,Aldi Store 3434,-?60.29,Groceries,2024-04-02,60.29
2024-08-12,FLYEfit Gym Monthly DD,47.20,Health & Fitness,2024-08-12,47.2
2024-07-22,  Costa Coffee SWORDS   ,-45.60,Dining & Takeaway,2024-07-22,45.6
04/09/2023,lidl ireland,-80.66,Groceries,2023-09-04,80.66
2023-05-22,Ryanair *1790 Airline,-?152.25,Travel,2023-05-22,152.25
27/04/2024,  Dominos Pizza DUBLIN   ,-49.99,Dining & Takeaway,2024-04-27,49.99
26/03/2025,brown thomas dublin,-62.80,Shopping,2025-03-26,62.8
2025.03.06,Marks & Spencer Food,-?24.36,Groceries,2025-03-06,24.36
"Jul 03, 2023",Boojum Burrito KILKENNY,64.87,Dining & Takeaway,2023-07-03,64.87
25/08/2023,Costa Coffee CORK,-?29.58,Dining & Takeaway,2023-08-25,29.58
2023-10-31,SPOTIFY AB 7327 EUR,-?22.97,Entertainment & Subscriptions,2023-10-31,22.97
2025.03.29,mcdonalds bray,-36.80,Dining & Takeaway,2025-03-29,36.8
2025-03-05,SuperValu LIMERICK,-51.07,Groceries,2025-03-05,51.07
2023-09-01,EIR TELECOM DIRECT DEBIT,-?90.11,Utilities & Bills,2023-09-01,90.11
2025-01-06,  Costa Coffee DUNDALK   ,-?18.56,Dining & Takeaway,2025-01-06,18.56
2023-01-11,DISNEY PLUS MONTHLY,-?4.99,Entertainment & Subscriptions,2023-01-11,4.99
2025.03.19,HOTELS.COM RESERVATION,-25.00,Travel,2025-03-19,25.0
2023-01-31,LIDL IRELAND,-8.50,Groceries,2023-01-31,8.5
2023-03-16,Tesco Extra Swords,27.31 EUR,Groceries,2023-03-16,27.31
2024-06-25,Dublin Bus 1028,?38.64,Transport,2024-06-25,38.64
2025-04-09,Tesco Express,-17.78,Groceries,2025-04-09,17.78
2024-10-17,  RYANAIR *9163 AIRLINE   ,-25.00,Travel,2024-10-17,25.0
21/05/2025,Tesco Store #9260,-36.89,Groceries,2025-05-21,36.89
"Mar 26, 2023",  Bord Gais Energy DD   ,?176.02,Utilities & Bills,2023-03-26,176.02
2023-08-29,Starbucks Coffee #9040,17.93,Dining & Takeaway,2023-08-29,17.93
2024-06-04,AMZN PRIME MEMBER,?14.99,Entertainment & Subscriptions,2024-06-04,14.99
11/11/2023,  DELIVEROO.IE *3452   ,4.44,Dining & Takeaway,2023-11-11,4.44
2024-05-01,CIRCLE K GALWAY,36.39 EUR,Transport,2024-05-01,36.39
2024-12-16,PLAYSTATION NETWORK 7334,-?6.67,Entertainment & Subscriptions,2024-12-16,6.67
"May 24, 2024",Holland & Barrett GALWAY,-?51.97,Health & Fitness,2024-05-24,51.97
2025-03-24,Nandos KILKENNY,?50.16,Dining & Takeaway,2025-03-24,50.16
02/02/2024,  DUNNES STORES GALWAY   ,-45.45,Groceries,2024-02-02,45.45
"Aug 16, 2023",TESCO EXTRA KILKENNY,-?10.58,Groceries,2023-08-16,10.58
2024-12-25,SPOTIFY AB 5236 EUR,-4.99,Entertainment & Subscriptions,2024-12-25,4.99
2023-06-20,amzn mktp uk*9690,?154.80,Shopping,2023-06-20,154.8
2023-07-21,  Council Tax Payment   ,-?105.42,Utilities & Bills,2023-07-21,105.42
2023-10-05,SPAR EXPRESS DUNDALK,-?22.60,Groceries,2023-10-05,22.6
2023-03-06,FREE NOW TAXI DUBLIN,-16.77,Transport,2023-03-06,16.77
2025-06-28,LIDL IRELAND,68.05,Groceries,2025-06-28,68.05
2023-04-08,apple.com/bill,?6.19,Entertainment & Subscriptions,2023-04-08,6.19
2024-02-16,vodafone bill pay,-143.74,Utilities & Bills,2024-02-16,143.74
2023-02-24,DART TICKET MACHINE,7.54,Transport,2023-02-24,7.54
15/06/2023,ikea dublin store,?152.59,Shopping,2023-06-15,152.59
2025-06-29,puregym direct debit,-31.05,Health & Fitness,2025-06-29,31.05
2024-01-22,CIRCLE K CORK,-14.00,Transport,2024-01-22,14.0
10/10/2023,  VIRGIN MEDIA IRELAND   ,-79.07,Utilities & Bills,2023-10-10,79.07
2024-05-03,Gym Plus Membership,-21.00,Health & Fitness,2024-05-03,21.0
02/09/2023,youtube premium,?43.37,Entertainment & Subscriptions,2023-09-02,43.37
2024-07-08,Dublin Airport Parking,-161.88,Travel,2024-07-08,161.88
2024-12-01,APPLE STORE RETAIL,-94.13,Shopping,2024-12-01,94.13
2024.10.27,,-18.44,Dining & Takeaway,2024-10-27,18.44
05/05/2023,tesco store #5709,27.56 EUR,Groceries,2023-05-05,27.56
2024-05-24,boots pharmacy swords,-71.71,Shopping,2024-05-24,71.71
2024-01-06,Gourmet Burger Kitchen,?39.93,Dining & Takeaway,2024-01-06,39.93
"Oct 08, 2024",TFI Leap Card Topup,-25.19,Transport,2024-10-08,25.19
2024-01-24,IKEA DUBLIN STORE,-121.64,Shopping,2024-01-24,121.64
2024.09.15,Lidl 2311 SWORDS,-?12.18,Groceries,2024-09-15,12.18
2025.06.29,CIRCLE K DUBLIN,-?2.40,Transport,2025-06-29,2.4
03/02/2024,ODEON CINEMAS GALWAY,22.45,Entertainment & Subscriptions,2024-02-03,22.45
2023.09.17,Tesco Store #9976,,Groceries,2023-09-17,12.82
2024-10-08,  ALDI STORE 4768   ,-63.73,Groceries,2024-10-08,63.73
2023-02-17,Shell Petrol 8440,-24.56,Transport,2023-02-17,24.56
2024-07-12,DELIVEROO.IE *3509,-?6.37,Dining & Takeaway,2024-07-12,6.37
18/01/2024,ALDI STORE 9391,-120.31,Groceries,2024-01-18,120.31
2024-11-26,ALDI IRELAND GMBH,?73.73,Groceries,2024-11-26,73.73
2023-01-03,DUNNES STORES KILKENNY,-37.27,Groceries,2023-01-03,37.27
2025-04-10,Irish Water Direct Debit,84.08 EUR,Utilities & Bills,2025-04-10,84.08
2023-08-09,circle k galway,9.21,Transport,2023-08-09,9.21
19/11/2023,  Steam Games Purchase   ,16.41,Entertainment & Subscriptions,2023-11-19,16.41
2024-10-07,Dominos Pizza GALWAY,-19.84,Dining & Takeaway,2024-10-07,19.84
"Oct 28, 2023",DAA DUTY FREE,168.33,Travel,2023-10-28,168.33
23/03/2023,Lidl 9827 KILKENNY,16.93,Groceries,2023-03-23,16.93
27/10/2024,Aldi Store 7512,-?12.37,Groceries,2024-10-27,12.37
28/04/2024,McDonalds DUBLIN,32.30 EUR,Dining & Takeaway,2024-04-28,32.3
16/12/2023,AMZN Mktp UK*2752,19.19,Shopping,2023-12-16,19.19
17/09/2024,Just Eat 4985,-?5.88,Dining & Takeaway,2024-09-17,5.88
"Oct 08, 2023",Insomnia Coffee Co,-50.44,Dining & Takeaway,2023-10-08,50.44
2023-11-15,  Tesco Store #8652   ,-?16.15,Groceries,2023-11-15,16.15
31/03/2025,Bord Gais Energy DD,-122.53,Utilities & Bills,2025-03-31,122.53
2024-04-30,,-?139.86,Groceries,2024-04-30,139.86
2025-01-04,SPOTIFY AB 8441 EUR,12.73,Entertainment & Subscriptions,2025-01-04,12.73
02/12/2024,Marks & Spencer Food,-106.96,Groceries,2024-12-02,106.96
2023-01-20,AIRBNB * 2273,-276.62,Travel,2023-01-20,276.62
2023-07-23,FREE NOW TAXI DUBLIN,-53.70,Transport,2023-07-23,53.7
2023-03-26,Starbucks Coffee #2910,-?4.49,Dining & Takeaway,2023-03-26,4.49
14/06/2024,boots pharmacy limerick,-28.45,Shopping,2024-06-14,28.45
12/07/2024,JUST EAT 5305,-?34.01,Dining & Takeaway,2024-07-12,34.01
2025-06-06,Audible UK Monthly,?6.98,Entertainment & Subscriptions,2025-06-06,6.98
18/04/2024,Dominos Pizza Bray,4.34 EUR,Dining & Takeaway,2024-04-18,4.34
28/02/2024,Lidl 2641 DUBLIN,-73.25,Groceries,2024-02-28,73.25
30/08/2023,spar express bray,49.93 EUR,Groceries,2023-08-30,49.93
2023-08-13,  Dominos Pizza DUBLIN   ,-28.84,Dining & Takeaway,2023-08-13,28.84
"Aug 17, 2024",Amazon.de Purchase,-96.71,Shopping,2024-08-17,96.71
2025-03-21,  Steam Games Purchase   ,-?27.69,Entertainment & Subscriptions,2025-03-21,27.69
2023-12-10,Gourmet Burger Kitchen,?5.92,Dining & Takeaway,2023-12-10,5.92
11/05/2023,  Nandos BRAY   ,41.94,Dining & Takeaway,2023-05-11,41.94
13/05/2025,hotels.com reservation,?72.81,Travel,2025-05-13,72.81
2024.08.30,Costa Coffee DUNDALK,-3.80,Dining & Takeaway,2024-08-30,3.8
2023-04-11,DISNEY PLUS MONTHLY,-18.56,Entertainment & Subscriptions,2023-04-11,18.56
2024-05-11,  ALDI IRELAND GMBH   ,-78.08,Groceries,2024-05-11,78.08
2024-08-23,Dominos Pizza DUNDALK,40.54 EUR,Dining & Takeaway,2024-08-23,40.54
06/01/2023,APPLE STORE RETAIL,-129.58,Shopping,2023-01-06,129.58
2023-01-04,LIDL IRELAND,-?67.44,Groceries,2023-01-04,67.44
2025-05-01,playstation network 7775,4.99 EUR,Entertainment & Subscriptions,2025-05-01,4.99
2025.01.29,Tesco Express,21.28,Groceries,2025-01-29,21.28
"Sep 24, 2024",SPAR EXPRESS SWORDS,-?111.42,Groceries,2024-09-24,111.42
2023-12-31,ALDI IRELAND GMBH,90.23,Groceries,2023-12-31,90.23
2024-05-07,mcdonalds bray,-?32.12,Dining & Takeaway,2024-05-07,32.12
2025-03-16,free now taxi dublin,-?12.08,Transport,2025-03-16,12.08
07/04/2023,ALDI STORE 9372,59.10,Groceries,2023-04-07,59.1
2024.02.08,DELIVEROO.IE *9765,?47.59,Dining & Takeaway,2024-02-08,47.59
15/06/2024,  Insomnia Coffee Co   ,-?15.52,Dining & Takeaway,2024-06-15,15.52
2023-04-30,Starbucks Coffee #4066,-?22.35,Dining & Takeaway,2023-04-30,22.35
"Jul 20, 2023",EIR TELECOM DIRECT DEBIT,?101.66,Utilities & Bills,2023-07-20,101.66
2023-03-10,Shell Petrol 3548,-23.35,Transport,2023-03-10,23.35
2025-06-28,lidl 7100 dundalk,-72.84,Groceries,2025-06-28,72.84
20/02/2025,SPAR EXPRESS DUBLIN,-43.69,Groceries,2025-02-20,43.69
"Mar 26, 2024",AMZN Mktp UK*5346,72.32 EUR,Shopping,2024-03-26,72.32
2025-03-08,PENNEYS PRIMARK LIMERICK,-?78.15,Shopping,2025-03-08,78.15
2023-10-01,  Starbucks Coffee #4275   ,?25.61,Dining & Takeaway,2023-10-01,25.61
15/08/2024,  Tesco Express   ,-69.20,Groceries,2024-08-15,69.2
30/01/2023,Tesco Store #8399,?28.85,Groceries,2023-01-30,28.85
14/01/2024,DUBLIN BUS 4853,-?8.07,Transport,2024-01-14,8.07
07/05/2025,McDonalds GALWAY,-17.96,Dining & Takeaway,2025-05-07,17.96
"Apr 03, 2023",Gourmet Burger Kitchen,-?21.35,Dining & Takeaway,2023-04-03,21.35
06/10/2023,LIDL IRELAND,-30.07,Groceries,2023-10-06,30.07
2024-06-04,ALDI IRELAND GMBH,-77.59,Groceries,2024-06-04,77.59
2024-05-09,JUST EAT 7493,-32.99,Dining & Takeaway,2024-05-09,32.99
2024-01-05,lidl 4727 bray,-54.44,Groceries,2024-01-05,54.44
10/02/2024,Starbucks Coffee #6306,-18.84,Dining & Takeaway,2024-02-10,18.84
2023-04-20,Brown Thomas Dublin,-?10.00,Shopping,2023-04-20,10.0
01/04/2025,aer lingus dublin,-?292.99,Travel,2025-04-01,292.99
01/06/2025,  ALDI IRELAND GMBH   ,?52.75,Groceries,2025-06-01,52.75
2023-04-05,  Lidl 6317 CORK   ,-?68.72,Groceries,2023-04-05,68.72
2023.06.23,  APPLE STORE RETAIL   ,-89.77,Shopping,2023-06-23,89.77
"Nov 18, 2023",ALDI STORE 8941,-?37.08,Groceries,2023-11-18,37.08
2024-04-07,DUBLIN BUS 9386,-?19.22,Transport,2024-04-07,19.22
2023-06-13,dominos pizza swords,?7.48,Dining & Takeaway,2023-06-13,7.48
2023-06-25,Costa Coffee DUBLIN,-4.57,Dining & Takeaway,2023-06-25,4.57
10/12/2023,playstation network 1480,-?29.26,Entertainment & Subscriptions,2023-12-10,29.26
2023-04-07,aldi store 8629,-48.83,Groceries,2023-04-07,48.83
2023-03-20,Boojum Burrito DUBLIN,-?3.80,Dining & Takeaway,2023-03-20,3.8
2023.04.26,CIRCLE K DUBLIN,-?12.06,Transport,2023-04-26,12.06
"Aug 24, 2024",THE LOCAL PUB & GRILL,-8.03,Dining & Takeaway,2024-08-24,8.03
2024-07-05,netflix.com monthly,-9.05,Entertainment & Subscriptions,2024-07-05,9.05
2023-02-09,Irish Water Direct Debit,-65.78,Utilities & Bills,2023-02-09,65.78
2025-01-21,BOOTS PHARMACY DUBLIN,?51.06,Shopping,2025-01-21,51.06
2024-04-25,Lidl 7358 SWORDS,-?45.81,Groceries,2024-04-25,45.81
2024-07-26,TESCO EXTRA KILKENNY,?41.12,Groceries,2024-07-26,41.12
2024-05-15,JUST EAT 9026,-21.83,Dining & Takeaway,2024-05-15,21.83
"Apr 28, 2023",McDonalds SWORDS,?4.88,Dining & Takeaway,2023-04-28,4.88
2024.09.03,costa coffee cork,3.80,Dining & Takeaway,2024-09-03,3.8
25/06/2023,DUBLIN BUS 3526,?31.70,Transport,2023-06-25,31.7
2023-10-28,SuperValu SWORDS,51.08 EUR,Groceries,2023-10-28,51.08
2023-05-26,ALDI IRELAND GMBH,?46.50,Groceries,2023-05-26,46.5
2024-07-08,Nandos GALWAY,-60.84,Dining & Takeaway,2024-07-08,60.84
17/06/2025,Brown Thomas Dublin,-?37.34,Shopping,2025-06-17,37.34
2023-05-26,  JUST EAT 9019   ,-?35.33,Dining & Takeaway,2023-05-26,35.33
10/05/2025,  LEAP CARD AUTO TOPUP   ,?24.96,Transport,2025-05-10,24.96
2024-05-19,,-25.61,Transport,2024-05-19,25.61
2024-10-13,LEAP CARD AUTO TOPUP,-2.40,Transport,2024-10-13,2.4
2023-06-29,Dentist Clinic Dublin,12.00,Health & Fitness,2023-06-29,12.0
2024-05-09,JUST EAT 5563,-25.37,Dining & Takeaway,2024-05-09,25.37
2023-05-28,SPOTIFY AB 2359 EUR,-?15.96,Entertainment & Subscriptions,2023-05-28,15.96
25/02/2024,Costa Coffee CORK,-?45.24,Dining & Takeaway,2024-02-25,45.24
2024-09-10,SuperValu BRAY,-63.86,Groceries,2024-09-10,63.86
31/01/2024,Starbucks Coffee #1856,-46.27,Dining & Takeaway,2024-01-31,46.27
2023-10-08,ZARA IRELAND GALWAY,-11.92,Shopping,2023-10-08,11.92
2025-06-06,Marks & Spencer Food,-74.76,Groceries,2025-06-06,74.76
2023-02-17,Shell Petrol 8440,-24.56,Transport,2023-02-17,24.56
03/04/2025,AMZN PRIME MEMBER,,Entertainment & Subscriptions,2025-04-03,50.32
2024-07-02,McDonalds DUNDALK,-?8.39,Dining & Takeaway,2024-07-02,8.39
"Mar 16, 2024",supervalu dublin,,Groceries,2024-03-16,47.12
12/05/2025,TK MAXX KILKENNY,-34.33,Shopping,2025-05-12,34.33
2024-02-22,TESCO EXTRA LIMERICK,-?8.50,Groceries,2024-02-22,8.5
2023-10-06,PENNEYS PRIMARK KILKENNY,69.24,Shopping,2023-10-06,69.24
01/07/2023,  Lidl 6383 DUNDALK   ,-26.70,Groceries,2023-07-01,26.7
2023-05-25,DUBLIN BUS 5565,-9.14,Transport,2023-05-25,9.14
04/05/2023,ALDI STORE 4353,-31.08,Groceries,2023-05-04,31.08
05/11/2024,  Tesco Express   ,-46.09,Groceries,2024-11-05,46.09
2023-07-15,TESCO EXTRA LIMERICK,?43.61,Groceries,2023-07-15,43.61
2023.09.29,DUNNES STORES GALWAY,-?36.21,Groceries,2023-09-29,36.21
2023-03-25,boots healthcare galway,43.11 EUR,Health & Fitness,2023-03-25,43.11
2024-05-30,Starbucks Coffee #6180,-?94.67,Dining & Takeaway,2024-05-30,94.67
2025-04-24,tesco extra dundalk,-62.99,Groceries,2025-04-24,62.99
2024-07-09,Bord Gais Energy Dd,-109.09,Utilities & Bills,2024-07-09,109.09
"Jan 22, 2025",ALDI IRELAND GMBH,-25.22,Groceries,2025-01-22,25.22
2023-12-17,SuperValu CORK,-133.28,Groceries,2023-12-17,133.28
2024.04.12,spotify ab 8399 eur,-?28.23,Entertainment & Subscriptions,2024-04-12,28.23
2024-09-21,Tesco Store #7021,-?82.49,Groceries,2024-09-21,82.49
2023-07-08,amzn prime member,47.21,Entertainment & Subscriptions,2023-07-08,47.21
2024-10-13,Asos.Com Orders,-126.38,Shopping,2024-10-13,126.38
2025.03.17,netflix.com monthly,-?4.99,Entertainment & Subscriptions,2025-03-17,4.99
21/02/2025,Costa Coffee DUNDALK,-?12.75,Dining & Takeaway,2025-02-21,12.75
24/01/2024,Starbucks Coffee #4452,-58.37,Dining & Takeaway,2024-01-24,58.37
2025-06-12,  IRISH RAIL ONLINE   ,-21.94,Transport,2025-06-12,21.94
2023-10-09,Audible UK Monthly,?4.99,Entertainment & Subscriptions,2023-10-09,4.99
2025-03-26,IKEA DUBLIN STORE,-25.65,Shopping,2025-03-26,25.65
2023-05-14,costa coffee limerick,?32.25,Dining & Takeaway,2023-05-14,32.25
2023-02-07,FREE NOW TAXI DUBLIN,-14.94,Transport,2023-02-07,14.94
20/03/2023,Council Tax Payment,-103.73,Utilities & Bills,2023-03-20,103.73
10/03/2023,starbucks coffee #4376,?3.80,Dining & Takeaway,2023-03-10,3.8
"Aug 22, 2024",  Holland & Barrett DUBLIN   ,-18.32,Health & Fitness,2024-08-22,18.32
"Jan 26, 2025",Tesco Store #9767,-45.37,Groceries,2025-01-26,45.37
2023-12-22,Penneys Primark Dundalk,-267.10,Shopping,2023-12-22,267.1
2023.05.01,  SHELL PETROL 5861   ,-?35.46,Transport,2023-05-01,35.46
12/05/2025,Steam Games Purchase,-11.69,Entertainment & Subscriptions,2025-05-12,11.69
"Nov 17, 2023",dominos pizza galway,-3.80,Dining & Takeaway,2023-11-17,3.8
2023-04-21,  Insomnia Coffee Co   ,-34.71,Dining & Takeaway,2023-04-21,34.71
2023.11.10,starbucks coffee #5207,?31.53,Dining & Takeaway,2023-11-10,31.53
2023-07-03,Tesco Store #1438,-?98.63,Groceries,2023-07-03,98.63
2025-04-15,  DUNNES STORES KILKENNY   ,?50.92,Groceries,2025-04-15,50.92
2023-07-10,Marks & Spencer Food,-122.75,Groceries,2023-07-10,122.75
2024-05-29,SPOTIFY AB 6860 EUR,-4.99,Entertainment & Subscriptions,2024-05-29,4.99
2025-05-27,Lidl 8669 DUBLIN,-?50.42,Groceries,2025-05-27,50.42
19/08/2024,costa coffee swords,-?3.80,Dining & Takeaway,2024-08-19,3.8
"Sep 08, 2024",mcdonalds dublin,-24.28,Dining & Takeaway,2024-09-08,24.28
2023.02.18,JUST EAT 2305,-?24.35,Dining & Takeaway,2023-02-18,24.35
05/03/2025,netflix.com monthly,-?14.17,Entertainment & Subscriptions,2025-03-05,14.17
2024-06-11,Netflix.com monthly,-4.99,Entertainment & Subscriptions,2024-06-11,4.99
2024-03-12,Lidl 7897 CORK,-26.84,Groceries,2024-03-12,26.84
2024-03-06,ALDI IRELAND GMBH,-?39.40,Groceries,2024-03-06,39.4
2024-02-20,CIRCLE K SWORDS,-?2.40,Transport,2024-02-20,2.4
2023-04-12,Tesco Store #4139,-?35.85,Groceries,2023-04-12,35.85
22/01/2023,  LIDL IRELAND   ,-62.32,Groceries,2023-01-22,62.32
10/03/2025,  Dominos Pizza KILKENNY   ,?6.63,Dining & Takeaway,2025-03-10,6.63
"Jun 03, 2025",Boojum Burrito BRAY,-?45.67,Dining & Takeaway,2025-06-03,45.67
2023-07-19,  DART TICKET MACHINE   ,-?2.40,Transport,2023-07-19,2.4
2024-03-21,DUNNES STORES DUNDALK,-?51.46,Groceries,2024-03-21,51.46
2024-12-14,LIDL IRELAND,-35.95,Groceries,2024-12-14,35.95
12/10/2024,APPLE.COM/BILL,-37.83,Entertainment & Subscriptions,2024-10-12,37.83
07/08/2023,supervalu limerick,-80.67,Groceries,2023-08-07,80.67
2023-03-01,ALDI IRELAND GMBH,-54.75,Groceries,2023-03-01,54.75
2023-10-21,tesco express,-71.10,Groceries,2023-10-21,71.1
05/07/2023,Dominos Pizza KILKENNY,47.00,Dining & Takeaway,2023-07-05,47.0
2023-11-30,Steam Games Purchase,-20.10,Entertainment & Subscriptions,2023-11-30,20.1
"Apr 16, 2025",THE LOCAL PUB & GRILL,-45.23,Dining & Takeaway,2025-04-16,45.23
2024-08-24,ALDI STORE 1461,-64.94,Groceries,2024-08-24,64.94
2025-05-25,Tesco Express,33.91,Groceries,2025-05-25,33.91
2023-09-15,Gourmet Burger Kitchen,-?26.35,Dining & Takeaway,2023-09-15,26.35
"Mar 24, 2024",TESCO EXTRA DUBLIN,-?43.92,Groceries,2024-03-24,43.92
2024-08-27,Bord Gais Energy DD,-?85.59,Utilities & Bills,2024-08-27,85.59
2023-12-18,  Costa Coffee SWORDS   ,-?5.00,Dining & Takeaway,2023-12-18,5.0
2024-12-26,UBER *TRIP 4232,-42.22,Transport,2024-12-26,42.22
2025-03-14,TK MAXX KILKENNY,-?55.58,Shopping,2025-03-14,55.58
2024.04.24,CIRCLE K KILKENNY,-?9.97,Transport,2024-04-24,9.97
27/07/2023,LIDL IRELAND,-?26.17,Groceries,2023-07-27,26.17
01/08/2023,AIRBNB * 5729,?221.82,Travel,2023-08-01,221.82
21/08/2023,starbucks coffee #1393,-12.74,Dining & Takeaway,2023-08-21,12.74
2024-03-14,Boojum Burrito BRAY,27.56 EUR,Dining & Takeaway,2024-03-14,27.56
"Jan 31, 2023",  DUBLIN BUS 8254   ,?31.91,Transport,2023-01-31,31.91
"Mar 04, 2025",Lidl 9221 DUNDALK,?66.42,Groceries,2025-03-04,66.42
20/10/2024,FREE NOW TAXI DUBLIN,?30.29,Transport,2024-10-20,30.29
23/05/2023,  TFI Leap Card Topup   ,?24.98,Transport,2023-05-23,24.98
2025.04.13,Amazon.de Purchase,-10.00,Shopping,2025-04-13,10.0
2025-01-16,AMZN Mktp UK*4657,?10.00,Shopping,2025-01-16,10.0
2023-02-10,Physiotherapy Care Dublin,-31.66,Health & Fitness,2023-02-10,31.66
2024-03-05,Starbucks Coffee #6917,-26.06,Dining & Takeaway,2024-03-05,26.06
01/06/2024,Tesco Store #7898,?47.88,Groceries,2024-06-01,47.88
2024-05-29,  DUNNES STORES CORK   ,-?96.48,Groceries,2024-05-29,96.48
2025-06-01,Applegreen Motorway Services,-21.64,Transport,2025-06-01,21.64
2023-05-14,  Marks & Spencer Food   ,-?32.55,Groceries,2023-05-14,32.55
2024-03-02,AMZN Mktp UK*2159,-?85.59,Shopping,2024-03-02,85.59
02/04/2023,shell petrol 1430,-44.12,Transport,2023-04-02,44.12
"Apr 04, 2024",DUBLIN BUS 1783,-22.22,Transport,2024-04-04,22.22
2024-11-11,Decathlon Sports Ireland,-?134.01,Shopping,2024-11-11,134.01
2025-02-03,tesco store #9149,-17.54,Groceries,2025-02-03,17.54
06/01/2023,Tesco Express,57.97,Groceries,2023-01-06,57.97
29/04/2023,tesco extra galway,?79.02,Groceries,2023-04-29,79.02
"Jul 24, 2024",Starbucks Coffee #3897,-3.80,Dining & Takeaway,2024-07-24,3.8
2024-08-12,Boojum Burrito Bray,?44.94,Dining & Takeaway,2024-08-12,44.94
2024.01.31,  DELIVEROO.IE *3600   ,-29.71,Dining & Takeaway,2024-01-31,29.71
2024-08-22,THE LOCAL PUB & GRILL,-?36.48,Dining & Takeaway,2024-08-22,36.48
2023-01-26,tesco express,-?34.53,Groceries,2023-01-26,34.53
2025-04-12,Decathlon Sports Ireland,17.98,Shopping,2025-04-12,17.98
2024.11.22,costa coffee bray,-24.19,Dining & Takeaway,2024-11-22,24.19
22/01/2024,JUST EAT 3307,-45.40,Dining & Takeaway,2024-01-22,45.4
2024-12-06,TESCO EXTRA DUBLIN,,Groceries,2024-12-06,58.51
10/06/2023,  ASOS.COM ORDERS   ,-?56.80,Shopping,2023-06-10,56.8
01/06/2023,Brown Thomas Dublin,-112.98,Shopping,2023-06-01,112.98
2024-08-03,APPLE STORE RETAIL,-35.93,Shopping,2024-08-03,35.93
2025-04-08,the local pub & grill,?3.80,Dining & Takeaway,2025-04-08,3.8
"Feb 08, 2023",Dunnes Stores Galway,-?32.49,Groceries,2023-02-08,32.49
"Jun 30, 2024",  FREE NOW TAXI DUBLIN   ,-?27.95,Transport,2024-06-30,27.95
2024-02-20,SPOTIFY AB 3719 EUR,-10.22,Entertainment & Subscriptions,2024-02-20,10.22
2025-06-30,Tesco Store #6729,-32.70,Groceries,2025-06-30,32.7
2025-01-05,  ALDI STORE 3210   ,?58.25,Groceries,2025-01-05,58.25
2024-04-04,SPAR EXPRESS GALWAY,-63.56,Groceries,2024-04-04,63.56
2025-02-04,LEAP CARD AUTO TOPUP,-?2.40,Transport,2025-02-04,2.4
04/06/2023,DART TICKET MACHINE,?2.40,Transport,2023-06-04,2.4
"Nov 21, 2024",Audible UK Monthly,-4.99,Entertainment & Subscriptions,2024-11-21,4.99
2024-09-06,,-?61.33,Dining & Takeaway,2024-09-06,61.33
2023-05-13,DUNNES STORES LIMERICK,-90.38,Groceries,2023-05-13,90.38
2023-02-03,JUST EAT 1795,-?19.18,Dining & Takeaway,2023-02-03,19.18
09/11/2024,Marks & Spencer Food,-?66.37,Groceries,2024-11-09,66.37
"Jan 01, 2025",ALDI IRELAND GMBH,-?102.34,Groceries,2025-01-01,102.34
2023-04-14,Lidl Ireland,-81.12,Groceries,2023-04-14,81.12
12/12/2024,DISNEY PLUS MONTHLY,-4.99,Entertainment & Subscriptions,2024-12-12,4.99
2025.02.23,RYANAIR *3336 AIRLINE,?375.10,Travel,2025-02-23,375.1
2023-03-22,PLAYSTATION NETWORK 9469,-?9.38,Entertainment & Subscriptions,2023-03-22,9.38
"Jul 23, 2023",ASOS.COM ORDERS,-?78.68,Shopping,2023-07-23,78.68
"Oct 03, 2023",TFI Leap Card Topup,-24.62,Transport,2023-10-03,24.62
30/06/2024,Brown Thomas Dublin,-?112.98,Shopping,2024-06-30,112.98
22/06/2023,UBER *TRIP 6473,-28.16,Transport,2023-06-22,28.16
15/07/2024,Costa Coffee LIMERICK,-3.80,Dining & Takeaway,2024-07-15,3.8
"Dec 22, 2024",Boojum Burrito Bray,-?59.03,Dining & Takeaway,2024-12-22,59.03
2025-02-21,BOOKING.COM HOTEL,-255.02,Travel,2025-02-21,255.02
2023-04-27,DART TICKET MACHINE,?19.70,Transport,2023-04-27,19.7
2023-08-11,LIDL IRELAND,?61.73,Groceries,2023-08-11,61.73
12/04/2023,Lidl 6221 DUBLIN,-78.97,Groceries,2023-04-12,78.97
09/08/2024,Tesco Express,-?75.10,Groceries,2024-08-09,75.1
2023-09-19,Amazon.de Purchase,?135.99,Shopping,2023-09-19,135.99
2024-09-03,LEAP CARD AUTO TOPUP,-?26.37,Transport,2024-09-03,26.37
08/01/2024,Dentist Clinic Dublin,60.64 EUR,Health & Fitness,2024-01-08,60.64
2024-11-16,HOTELS.COM RESERVATION,48.04,Travel,2024-11-16,48.04
2023-12-10,AMZN Mktp UK*2758,98.88,Shopping,2023-12-10,98.88
15/03/2023,HOTELS.COM RESERVATION,-?123.77,Travel,2023-03-15,123.77
2025-05-12,Tesco Express,66.62,Groceries,2025-05-12,66.62
2023-05-08,LIDL IRELAND,71.40,Groceries,2023-05-08,71.4
2025-02-23,Tesco Express,-58.74,Groceries,2025-02-23,58.74
23/05/2025,Netflix.com monthly,-6.33,Entertainment & Subscriptions,2025-05-23,6.33
2024-04-16,decathlon sports ireland,-?83.35,Shopping,2024-04-16,83.35
2024-12-20,  JUST EAT 4986   ,-?35.77,Dining & Takeaway,2024-12-20,35.77
2023-03-28,Lidl 8278 LIMERICK,-34.14,Groceries,2023-03-28,34.14
2024-02-19,  Starbucks Coffee #5913   ,?29.06,Dining & Takeaway,2024-02-19,29.06
31/05/2024,  Decathlon Sports Ireland   ,-10.00,Shopping,2024-05-31,10.0
18/08/2024,applegreen motorway services,-43.99,Transport,2024-08-18,43.99
2023-07-26,Tesco Store #8635,-?80.40,Groceries,2023-07-26,80.4
31/07/2024,Starbucks Coffee #6682,-38.74,Dining & Takeaway,2024-07-31,38.74
2025-06-06,flyefit gym monthly dd,29.02 EUR,Health & Fitness,2025-06-06,29.02
04/01/2025,CIRCLE K SWORDS,-2.40,Transport,2025-01-04,2.4
18/08/2024,  ODEON CINEMAS CORK   ,17.84 EUR,Entertainment & Subscriptions,2024-08-18,17.84
"Jan 09, 2024",netflix.com monthly,-17.27,Entertainment & Subscriptions,2024-01-09,17.27
18/06/2024,LEAP CARD AUTO TOPUP,,Transport,2024-06-18,5.96
01/11/2023,  Boojum Burrito DUNDALK   ,3.80,Dining & Takeaway,2023-11-01,3.8
23/01/2023,APPLE.COM/BILL,-14.49,Entertainment & Subscriptions,2023-01-23,14.49
04/06/2025,  BOOTS PHARMACY BRAY   ,47.15 EUR,Shopping,2025-06-04,47.15
2025.06.30,Boojum Burrito GALWAY,-3.80,Dining & Takeaway,2025-06-30,3.8
2024-01-27,circle k cork,28.21 EUR,Transport,2024-01-27,28.21
2023.11.15,  AMZN PRIME MEMBER   ,-4.99,Entertainment & Subscriptions,2023-11-15,4.99
2023-11-17,DUBLIN BUS 8821,-10.52,Transport,2023-11-17,10.52
2023-03-17,Gourmet Burger Kitchen,-3.80,Dining & Takeaway,2023-03-17,3.8
2023-02-21,Amazon.de Purchase,-38.06,Shopping,2023-02-21,38.06
2025-03-05,  DELIVEROO.IE *7253   ,-46.63,Dining & Takeaway,2025-03-05,46.63
2023-08-14,Bord Gais Energy Dd,-67.21,Utilities & Bills,2023-08-14,67.21
2024-01-14,shell petrol 2980,-17.21,Transport,2024-01-14,17.21
2023-09-05,circle k swords,-4.58,Transport,2023-09-05,4.58
18/07/2023,  JUST EAT 5864   ,?58.45,Dining & Takeaway,2023-07-18,58.45
2025-05-09,Spotify Ab 7910 Eur,?8.21,Entertainment & Subscriptions,2025-05-09,8.21
2023-05-06,Lidl 3159 CORK,?23.53,Groceries,2023-05-06,23.53
2024-02-19,LIDL IRELAND,-58.31,Groceries,2024-02-19,58.31
2025-02-15,Dublin Bus 1988,?48.96,Transport,2025-02-15,48.96
2025-06-13,Lidl 4188 LIMERICK,-?36.20,Groceries,2025-06-13,36.2
30/05/2025,Lidl 4446 BRAY,,Groceries,2025-05-30,101.58
2024-05-15,Apple.Com/Bill,-?4.99,Entertainment & Subscriptions,2024-05-15,4.99
"Jun 12, 2025",zara ireland swords,-53.51,Shopping,2025-06-12,53.51
2023.08.26,Netflix.com monthly,-?23.63,Entertainment & Subscriptions,2023-08-26,23.63
2023-03-25,ALDI IRELAND GMBH,-?58.28,Groceries,2023-03-25,58.28
2025-01-27,boots pharmacy galway,?53.91,Shopping,2025-01-27,53.91
01/12/2024,Sky Ireland TV & Broadband,-130.08,Utilities & Bills,2024-12-01,130.08
2023-11-14,Lidl 4369 GALWAY,-?96.17,Groceries,2023-11-14,96.17
2023-01-13,  ASOS.COM ORDERS   ,-?118.25,Shopping,2023-01-13,118.25
2023-03-17,ELECTRIC IRELAND DD,-178.35,Utilities & Bills,2023-03-17,178.35
2023-06-27,  Lidl 4379 LIMERICK   ,-15.61,Groceries,2023-06-27,15.61
"Aug 08, 2024",DUBLIN BUS 7897,-?2.55,Transport,2024-08-08,2.55
2025-01-28,apple store retail,72.26 EUR,Shopping,2025-01-28,72.26
"Sep 06, 2023",Netflix.com monthly,?17.98,Entertainment & Subscriptions,2023-09-06,17.98
2024-01-24,SPAR EXPRESS DUNDALK,-61.00,Groceries,2024-01-24,61.0
23/12/2023,  SuperValu DUBLIN   ,-?75.55,Groceries,2023-12-23,75.55
25/07/2023,SPAR EXPRESS DUBLIN,-74.17,Groceries,2023-07-25,74.17
2025.03.16,  TK MAXX KILKENNY   ,-68.19,Shopping,2025-03-16,68.19
2023.03.27,IRISH RAIL ONLINE,-13.50,Transport,2023-03-27,13.5
04/10/2024,THE LOCAL PUB & GRILL,-42.97,Dining & Takeaway,2024-10-04,42.97
14/07/2023,dunnes stores cork,90.99,Groceries,2023-07-14,90.99
2025-05-01,BOOKING.COM HOTEL,-?69.43,Travel,2025-05-01,69.43
12/05/2023,Gourmet Burger Kitchen,-34.09,Dining & Takeaway,2023-05-12,34.09
2023-04-06,  CIRCLE K GALWAY   ,-29.55,Transport,2023-04-06,29.55
12/11/2024,ALDI STORE 3016,-50.88,Groceries,2024-11-12,50.88
2025.06.16,UBER *TRIP 7901,-3.30,Transport,2025-06-16,3.3
2024-10-28,APPLE.COM/BILL,-14.30,Entertainment & Subscriptions,2024-10-28,14.3
"Oct 03, 2023",Brown Thomas Dublin,39.08 EUR,Shopping,2023-10-03,39.08
2025-03-10,Steam Games Purchase,-28.02,Entertainment & Subscriptions,2025-03-10,28.02
2023.01.24,Audible UK Monthly,-?5.26,Entertainment & Subscriptions,2023-01-24,5.26
2024-06-16,Tesco Extra Limerick,-?34.87,Groceries,2024-06-16,34.87
2023-12-27,DELIVEROO.IE *1688,-32.27,Dining & Takeaway,2023-12-27,32.27
24/12/2024,Marks & Spencer Food,-80.21,Groceries,2024-12-24,80.21
2023-03-28,SuperValu CORK,-?65.83,Groceries,2023-03-28,65.83
2024-11-29,  Insomnia Coffee Co   ,-?49.76,Dining & Takeaway,2024-11-29,49.76
"Feb 15, 2025",  TESCO EXTRA DUBLIN   ,-?73.45,Groceries,2025-02-15,73.45
2024-10-08,JUST EAT 9436,-36.83,Dining & Takeaway,2024-10-08,36.83
03/01/2023,IKEA DUBLIN STORE,?155.93,Shopping,2023-01-03,155.93
2024-04-23,Tesco Express,-8.50,Groceries,2024-04-23,8.5
2024-07-01,Tesco Express,-?34.99,Groceries,2024-07-01,34.99
24/04/2025,Marks & Spencer Food,-23.18,Groceries,2025-04-24,23.18
19/06/2023,JUST EAT 9302,-246.34,Dining & Takeaway,2023-06-19,246.34
2024-09-11,dublin bus 1985,-20.56,Transport,2024-09-11,20.56
2023-03-04,audible uk monthly,-?35.37,Entertainment & Subscriptions,2023-03-04,35.37
2023-05-12,PLAYSTATION NETWORK 6227,-7.91,Entertainment & Subscriptions,2023-05-12,7.91
"Mar 04, 2025",starbucks coffee #8135,?61.13,Dining & Takeaway,2025-03-04,61.13
2024.03.08,  DUNNES STORES SWORDS   ,-88.89,Groceries,2024-03-08,88.89
2025-04-03,,?45.66,Groceries,2025-04-03,45.66
22/07/2024,,?115.83,Shopping,2024-07-22,115.83
2023-03-02,JUST EAT 4292,44.11 EUR,Dining & Takeaway,2023-03-02,44.11
"Dec 25, 2024",Dominos Pizza SWORDS,-4.79,Dining & Takeaway,2024-12-25,4.79
2023-05-13,Disney Plus Monthly,-34.51,Entertainment & Subscriptions,2023-05-13,34.51
2025-06-07,Costa Coffee BRAY,-?30.16,Dining & Takeaway,2025-06-07,30.16
2024-10-16,Steam Games Purchase,-?11.32,Entertainment & Subscriptions,2024-10-16,11.32
2023-06-08,  THE LOCAL PUB & GRILL   ,-24.93,Dining & Takeaway,2023-06-08,24.93
2024.02.23,SPOTIFY AB 1906 EUR,?4.99,Entertainment & Subscriptions,2024-02-23,4.99
2023-07-14,Boojum Burrito CORK,?26.73,Dining & Takeaway,2023-07-14,26.73
2024-04-01,ODEON CINEMAS DUNDALK,-26.87,Entertainment & Subscriptions,2024-04-01,26.87
23/12/2023,Marks & Spencer Food,-83.61,Groceries,2023-12-23,83.61
2024-06-03,LEAP CARD AUTO TOPUP,-?23.29,Transport,2024-06-03,23.29
"Jun 18, 2023",Bord Gais Energy DD,-67.44,Utilities & Bills,2023-06-18,67.44
18/04/2023,McDonalds DUBLIN,-3.80,Dining & Takeaway,2023-04-18,3.8
2025-02-06,SHELL PETROL 6752,-?17.43,Transport,2025-02-06,17.43
2025-05-02,ALDI STORE 5342,-44.96,Groceries,2025-05-02,44.96
2024-09-09,AMZN PRIME MEMBER,-10.48,Entertainment & Subscriptions,2024-09-09,10.48
2023-03-29,Tesco Store #7815,-55.18,Groceries,2023-03-29,55.18
2023-03-26,Steam Games Purchase,-26.47,Entertainment & Subscriptions,2023-03-26,26.47
15/12/2023,tesco express,-?40.80,Groceries,2023-12-15,40.8
2025-01-26,Tesco Express,33.69,Groceries,2025-01-26,33.69
"Jul 11, 2023",ALDI IRELAND GMBH,-?102.52,Groceries,2023-07-11,102.52
2024-04-26,Boojum Burrito SWORDS,-36.88,Dining & Takeaway,2024-04-26,36.88
2025-04-17,SuperValu SWORDS,-39.98,Groceries,2025-04-17,39.98
2023-05-25,dunnes stores cork,-?62.72,Groceries,2023-05-25,62.72
2024-12-24,Nandos DUNDALK,-19.26,Dining & Takeaway,2024-12-24,19.26
28/02/2024,tesco extra galway,-?76.68,Groceries,2024-02-28,76.68
07/05/2023,ALDI STORE 7577,-41.78,Groceries,2023-05-07,41.78
2023.09.29,ALDI IRELAND GMBH,60.80,Groceries,2023-09-29,60.8
08/03/2025,LIDL IRELAND,-?46.67,Groceries,2025-03-08,46.67
2024-11-14,JUST EAT 1106,9.67,Dining & Takeaway,2024-11-14,9.67
2023-08-21,penneys primark limerick,-18.39,Shopping,2023-08-21,18.39
28/11/2024,THE LOCAL PUB & GRILL,-37.30,Dining & Takeaway,2024-11-28,37.3
2024-01-15,Dublin Bus 4029,-11.58,Transport,2024-01-15,11.58
2025-04-01,odeon cinemas galway,-20.06,Entertainment & Subscriptions,2025-04-01,20.06
2025-03-02,Dentist Clinic Dublin,20.50,Health & Fitness,2025-03-02,20.5
2023-06-02,SPAR EXPRESS BRAY,-64.82,Groceries,2023-06-02,64.82
2024-05-28,applegreen motorway services,-2.40,Transport,2024-05-28,2.4
2024-01-26,boots healthcare dundalk,-12.00,Health & Fitness,2024-01-26,12.0
26/11/2023,  Gourmet Burger Kitchen   ,-?8.03,Dining & Takeaway,2023-11-26,8.03
11/08/2023,UBER *TRIP 9564,-?59.93,Transport,2023-08-11,59.93
2024-06-07,YOUTUBE PREMIUM,?23.97,Entertainment & Subscriptions,2024-06-07,23.97
2024.07.23,TESCO EXTRA GALWAY,-?75.87,Groceries,2024-07-23,75.87
07/12/2024,tesco extra cork,?12.84,Groceries,2024-12-07,12.84
2025-03-31,Just Eat 5122,-11.26,Dining & Takeaway,2025-03-31,11.26
2024-07-20,  DELIVEROO.IE *3723   ,-?35.64,Dining & Takeaway,2024-07-20,35.64
26/10/2023,SPAR EXPRESS LIMERICK,-63.14,Groceries,2023-10-26,63.14
2025-04-15,  DUNNES STORES CORK   ,-13.37,Groceries,2025-04-15,13.37
2024-12-07,TESCO EXTRA DUNDALK,-149.97,Groceries,2024-12-07,149.97
2023-04-30,ALDI IRELAND GMBH,-?92.52,Groceries,2023-04-30,92.52
"May 08, 2023",Amzn Mktp Uk*1960,63.14 EUR,Shopping,2023-05-08,63.14
2024-10-05,  ALDI IRELAND GMBH   ,55.97,Groceries,2024-10-05,55.97
2023.04.26,CIRCLE K DUBLIN,-?12.06,Transport,2023-04-26,12.06
"Jul 11, 2024",Starbucks Coffee #6674,-3.80,Dining & Takeaway,2024-07-11,3.8
20/05/2025,IKEA DUBLIN STORE,?82.19,Shopping,2025-05-20,82.19
27/02/2025,Spar Express Dundalk,-?54.17,Groceries,2025-02-27,54.17
"Mar 03, 2025",UBER *TRIP 6744,-?2.40,Transport,2025-03-03,2.4
2025-03-06,dunnes stores limerick,-94.54,Groceries,2025-03-06,94.54
2024-06-15,council tax payment,?35.60,Utilities & Bills,2024-06-15,35.6
2023-10-15,Penneys Primark Cork,-?142.56,Shopping,2023-10-15,142.56
"Mar 22, 2023",  CIRCLE K CORK   ,-?13.04,Transport,2023-03-22,13.04
"Jul 10, 2024",ALDI IRELAND GMBH,,Groceries,2024-07-10,18.57
2024.10.05,Gourmet Burger Kitchen,,Dining & Takeaway,2024-10-05,49.82
08/05/2025,Tesco Express,-99.48,Groceries,2025-05-08,99.48
14/04/2025,  Council Tax Payment   ,-?35.00,Utilities & Bills,2025-04-14,35.0
2024-11-01,marks & spencer food,50.00 EUR,Groceries,2024-11-01,50.0
25/10/2023,just eat 9254,-53.27,Dining & Takeaway,2023-10-25,53.27
2023-12-08,ELECTRIC IRELAND DD,-70.99,Utilities & Bills,2023-12-08,70.99
26/03/2025,LIDL IRELAND,?78.59,Groceries,2025-03-26,78.59
2024-01-30,Physiotherapy Care Dublin,?64.80,Health & Fitness,2024-01-30,64.8
2024-03-07,  THE LOCAL PUB & GRILL   ,-?27.16,Dining & Takeaway,2024-03-07,27.16
2024-03-22,marks & spencer food,45.77,Groceries,2024-03-22,45.77
15/01/2023,Tesco Store #8976,-8.50,Groceries,2023-01-15,8.5
11/10/2023,Marks & Spencer Food,?48.29,Groceries,2023-10-11,48.29
2023-01-31,Physiotherapy Care Dublin,,Health & Fitness,2023-01-31,50.44
2025-06-26,tesco extra kilkenny,?28.67,Groceries,2025-06-26,28.67
12/01/2025,Marks & Spencer Food,-?33.89,Groceries,2025-01-12,33.89
29/01/2025,tesco express,?67.21,Groceries,2025-01-29,67.21
2023.05.06,  BOOKING.COM HOTEL   ,108.43 EUR,Travel,2023-05-06,108.43
08/02/2023,  Starbucks Coffee #3838   ,-?18.46,Dining & Takeaway,2023-02-08,18.46
2023-01-06,irish rail online,-27.60,Transport,2023-01-06,27.6
16/04/2023,airbnb * 5879,275.14,Travel,2023-04-16,275.14
2023-04-25,ALDI IRELAND GMBH,-46.95,Groceries,2023-04-25,46.95
22/01/2025,THE LOCAL PUB & GRILL,-3.80,Dining & Takeaway,2025-01-22,3.8
2024-01-20,AMZN Mktp UK*2084,-69.17,Shopping,2024-01-20,69.17
2023-02-23,Sky Ireland TV & Broadband,137.99 EUR,Utilities & Bills,2023-02-23,137.99
2023-06-18,  Dominos Pizza DUNDALK   ,-4.63,Dining & Takeaway,2023-06-18,4.63
2025-04-02,  ALDI STORE 2917   ,?93.44,Groceries,2025-04-02,93.44
"Mar 07, 2024",Supervalu Dublin,-47.10,Groceries,2024-03-07,47.1
23/12/2024,YOUTUBE PREMIUM,34.62,Entertainment & Subscriptions,2024-12-23,34.62
2023.11.24,UBER *TRIP 7941,-31.45,Transport,2023-11-24,31.45
"Apr 13, 2024",  Lidl 9722 SWORDS   ,52.90,Groceries,2024-04-13,52.9
2023-01-11,Marks & Spencer Food,-13.43,Groceries,2023-01-11,13.43
2024-05-17,Spar Express Limerick,-?20.65,Groceries,2024-05-17,20.65
"Jan 19, 2023",  Dominos Pizza BRAY   ,-13.95,Dining & Takeaway,2023-01-19,13.95
05/03/2023,THE LOCAL PUB & GRILL,-?22.15,Dining & Takeaway,2023-03-05,22.15
22/04/2025,dublin bus 2450,-?2.40,Transport,2025-04-22,2.4
2025-04-12,SPAR EXPRESS GALWAY,-55.62,Groceries,2025-04-12,55.62
2023-08-17,Tesco Express,?19.98,Groceries,2023-08-17,19.98
2025-03-01,  ALDI STORE 6002   ,-?32.14,Groceries,2025-03-01,32.14
26/04/2025,  IRISH RAIL ONLINE   ,-18.11,Transport,2025-04-26,18.11
28/01/2023,Lidl 8572 DUBLIN,-82.06,Groceries,2023-01-28,82.06
2023-08-18,  VODAFONE BILL PAY   ,?127.13,Utilities & Bills,2023-08-18,127.13
21/03/2024,Uber *Trip 3577,-?8.69,Transport,2024-03-21,8.69
27/01/2024,Boojum Burrito DUBLIN,-4.86,Dining & Takeaway,2024-01-27,4.86
2024-09-08,  TESCO EXTRA SWORDS   ,-?90.20,Groceries,2024-09-08,90.2
2023-10-14,BOOTS PHARMACY GALWAY,-?10.00,Shopping,2023-10-14,10.0
"Jul 26, 2024",Dominos Pizza CORK,-?4.47,Dining & Takeaway,2024-07-26,4.47
"Dec 29, 2023",free now taxi dublin,?7.58,Transport,2023-12-29,7.58
2025-05-03,  DISNEY PLUS MONTHLY   ,-?14.75,Entertainment & Subscriptions,2025-05-03,14.75
27/04/2025,SPAR EXPRESS GALWAY,-68.14,Groceries,2025-04-27,68.14
2023.06.09,VODAFONE BILL PAY,-63.30,Utilities & Bills,2023-06-09,63.3
23/02/2023,TK MAXX GALWAY,-111.29,Shopping,2023-02-23,111.29
01/11/2024,Youtube Premium,-4.99,Entertainment & Subscriptions,2024-11-01,4.99
15/03/2025,Boojum Burrito DUNDALK,-5.13,Dining & Takeaway,2025-03-15,5.13
2023-05-09,mcdonalds dundalk,-56.93,Dining & Takeaway,2023-05-09,56.93
2025-03-05,ZARA IRELAND DUBLIN,10.00,Shopping,2025-03-05,10.0
2023-02-09,Tesco Store #4661,-35.66,Groceries,2023-02-09,35.66
"Jan 22, 2025",Netflix.com monthly,20.16,Entertainment & Subscriptions,2025-01-22,20.16
2023.05.26,  Nandos CORK   ,-?3.80,Dining & Takeaway,2023-05-26,3.8
2023.01.03,APPLE.COM/BILL,-33.88,Entertainment & Subscriptions,2023-01-03,33.88
2024-04-09,LIDL IRELAND,-79.03,Groceries,2024-04-09,79.03
2025.06.28,VODAFONE BILL PAY,-168.89,Utilities & Bills,2025-06-28,168.89
2024-12-24,ALDI IRELAND GMBH,-115.00,Groceries,2024-12-24,115.0
26/01/2024,ALDI STORE 5763,-8.50,Groceries,2024-01-26,8.5
2023-03-23,  Tesco Express   ,-87.87,Groceries,2023-03-23,87.87
04/01/2023,McDonalds GALWAY,42.14,Dining & Takeaway,2023-01-04,42.14
2024-06-12,SPAR EXPRESS KILKENNY,-?8.50,Groceries,2024-06-12,8.5
2024-12-16,  Insomnia Coffee Co   ,42.51,Dining & Takeaway,2024-12-16,42.51
10/06/2025,Dominos Pizza DUNDALK,-?29.53,Dining & Takeaway,2025-06-10,29.53
29/05/2025,Sky Ireland TV & Broadband,-?79.28,Utilities & Bills,2025-05-29,79.28
2023-01-21,Tesco Store #5831,-28.84,Groceries,2023-01-21,28.84
2025-01-05,  LEAP CARD AUTO TOPUP   ,,Transport,2025-01-05,22.12
2024-07-25,SPOTIFY AB 3727 EUR,?29.04,Entertainment & Subscriptions,2024-07-25,29.04
30/12/2023,ZARA IRELAND KILKENNY,-239.44,Shopping,2023-12-30,239.44
2023-10-04,Steam Games Purchase,8.85,Entertainment & Subscriptions,2023-10-04,8.85
18/06/2025,THE LOCAL PUB & GRILL,?8.76,Dining & Takeaway,2025-06-18,8.76
2024-07-05,Dominos Pizza Cork,-41.11,Dining & Takeaway,2024-07-05,41.11
2024-04-03,  Dominos Pizza CORK   ,-3.80,Dining & Takeaway,2024-04-03,3.8
2025-04-26,Nandos SWORDS,?5.05,Dining & Takeaway,2025-04-26,5.05
2024-09-11,  Brown Thomas Dublin   ,-84.33,Shopping,2024-09-11,84.33
2025.05.22,  ALDI STORE 6613   ,-58.53,Groceries,2025-05-22,58.53
28/04/2025,Nandos SWORDS,-3.80,Dining & Takeaway,2025-04-28,3.8
"Jan 20, 2025",Marks & Spencer Food,-88.52,Groceries,2025-01-20,88.52
"Feb 14, 2024",PENNEYS PRIMARK DUNDALK,127.88,Shopping,2024-02-14,127.88
2024-07-04,Tesco Express,-?8.50,Groceries,2024-07-04,8.5
31/12/2024,  Decathlon Sports Ireland   ,-68.10,Shopping,2024-12-31,68.1
2023-10-25,Marks & Spencer Food,-?79.90,Groceries,2023-10-25,79.9
2024.10.28,  DELIVEROO.IE *9566   ,-21.64,Dining & Takeaway,2024-10-28,21.64
2024-04-14,Tesco Store #2213,-19.24,Groceries,2024-04-14,19.24
2023-12-23,Flyefit Gym Monthly Dd,-48.12,Health & Fitness,2023-12-23,48.12
2023-08-21,PLAYSTATION NETWORK 7243,-?35.04,Entertainment & Subscriptions,2023-08-21,35.04
2024-11-04,LIDL IRELAND,?76.54,Groceries,2024-11-04,76.54
2023-02-14,JUST EAT 6208,17.29 EUR,Dining & Takeaway,2023-02-14,17.29
2024-07-22,THE LOCAL PUB & GRILL,-3.80,Dining & Takeaway,2024-07-22,3.8
"Jan 29, 2023",Costa Coffee Swords,-?43.23,Dining & Takeaway,2023-01-29,43.23
20/12/2024,RYANAIR *7776 AIRLINE,-223.40,Travel,2024-12-20,223.4
2024-07-20,Marks & Spencer Food,?77.66,Groceries,2024-07-20,77.66
2024.01.03,Starbucks Coffee #5153,-20.99,Dining & Takeaway,2024-01-03,20.99
2023-07-20,LEAP CARD AUTO TOPUP,-34.71,Transport,2023-07-20,34.71
2023.04.08,Starbucks Coffee #5047,-?23.36,Dining & Takeaway,2023-04-08,23.36
2024-02-27,Brown Thomas Dublin,-118.48,Shopping,2024-02-27,118.48
2024-03-02,Audible UK Monthly,-17.13,Entertainment & Subscriptions,2024-03-02,17.13
2024-08-12,CIRCLE K DUBLIN,?2.40,Transport,2024-08-12,2.4
2025-06-03,FLYEfit Gym Monthly DD,?47.61,Health & Fitness,2025-06-03,47.61
2025-06-09,asos.com orders,?10.00,Shopping,2025-06-09,10.0
16/06/2023,Tesco Express,23.23,Groceries,2023-06-16,23.23
2025-01-28,BOOTS PHARMACY DUBLIN,-25.22,Shopping,2025-01-28,25.22
2025-03-27,LEAP CARD AUTO TOPUP,-?31.74,Transport,2025-03-27,31.74
2024-09-25,  Tesco Express   ,-?70.56,Groceries,2024-09-25,70.56
2024-11-16,Costa Coffee LIMERICK,-?21.99,Dining & Takeaway,2024-11-16,21.99
2023-09-01,JUST EAT 8513,-34.33,Dining & Takeaway,2023-09-01,34.33
"May 17, 2025",SuperValu CORK,-66.14,Groceries,2025-05-17,66.14
"Jan 15, 2023",Dublin Airport Parking,-?504.09,Travel,2023-01-15,504.09
2024.04.29,DUNNES STORES DUBLIN,65.55,Groceries,2024-04-29,65.55
"Jun 22, 2025",Bord Gais Energy DD,?125.69,Utilities & Bills,2025-06-22,125.69
2024.07.07,gym plus membership,-?29.75,Health & Fitness,2024-07-07,29.75
2024-05-28,spotify ab 3142 eur,-31.02,Entertainment & Subscriptions,2024-05-28,31.02
2024-04-14,nandos limerick,-?51.35,Dining & Takeaway,2024-04-14,51.35
22/02/2024,audible uk monthly,17.53 EUR,Entertainment & Subscriptions,2024-02-22,17.53
2024-11-04,AMZN Mktp UK*1462,149.90,Shopping,2024-11-04,149.9
18/04/2025,Boojum Burrito CORK,?18.87,Dining & Takeaway,2025-04-18,18.87
"Dec 26, 2024",Lidl 6108 SWORDS,-25.23,Groceries,2024-12-26,25.23
07/06/2025,DUNNES STORES DUBLIN,?47.76,Groceries,2025-06-07,47.76
2024-08-12,SPOTIFY AB 6362 EUR,-4.99,Entertainment & Subscriptions,2024-08-12,4.99
2024-04-28,ALDI STORE 8905,41.02,Groceries,2024-04-28,41.02
2024-06-28,,19.58,Dining & Takeaway,2024-06-28,19.58
2024-07-07,the local pub & grill,-45.56,Dining & Takeaway,2024-07-07,45.56
2023-09-08,  Nandos GALWAY   ,-?23.14,Dining & Takeaway,2023-09-08,23.14
2025-05-30,DELIVEROO.IE *5117,-45.05,Dining & Takeaway,2025-05-30,45.05
2024-04-10,Gourmet Burger Kitchen,-30.62,Dining & Takeaway,2024-04-10,30.62
2024-05-23,spotify ab 3160 eur,-?7.27,Entertainment & Subscriptions,2024-05-23,7.27
2024-06-04,Youtube Premium,-5.93,Entertainment & Subscriptions,2024-06-04,5.93
2024-02-24,Costa Coffee DUNDALK,-17.61,Dining & Takeaway,2024-02-24,17.61
31/10/2024,  Boojum Burrito CORK   ,-21.66,Dining & Takeaway,2024-10-31,21.66
2024.11.14,Tesco Store #2423,?25.78,Groceries,2024-11-14,25.78
"Jul 11, 2023",DISNEY PLUS MONTHLY,7.62 EUR,Entertainment & Subscriptions,2023-07-11,7.62
"Sep 14, 2023",dunnes stores galway,-91.28,Groceries,2023-09-14,91.28
2024-10-24,  Lidl 9748 BRAY   ,-?40.35,Groceries,2024-10-24,40.35
03/09/2023,Tesco Store #4293,-40.60,Groceries,2023-09-03,40.6
2023-04-04,SuperValu GALWAY,-?57.09,Groceries,2023-04-04,57.09
2025-01-26,Steam Games Purchase,-6.52,Entertainment & Subscriptions,2025-01-26,6.52
2023-07-17,Insomnia Coffee Co,-12.30,Dining & Takeaway,2023-07-17,12.3
2024-10-23,  PENNEYS PRIMARK CORK   ,-81.78,Shopping,2024-10-23,81.78
2025-06-20,LIDL IRELAND,-92.22,Groceries,2025-06-20,92.22
2023-11-05,THE LOCAL PUB & GRILL,-?38.23,Dining & Takeaway,2023-11-05,38.23
2023.06.30,irish rail online,?7.17,Transport,2023-06-30,7.17
2024-07-12,VIRGIN MEDIA IRELAND,-?81.46,Utilities & Bills,2024-07-12,81.46
2024-12-30,Starbucks Coffee #4878,74.76 EUR,Dining & Takeaway,2024-12-30,74.76
01/01/2023,  Insomnia Coffee Co   ,-25.65,Dining & Takeaway,2023-01-01,25.65
2025-04-14,Tesco Express,-8.50,Groceries,2025-04-14,8.5
11/06/2023,Irish Water Direct Debit,-150.75,Utilities & Bills,2023-06-11,150.75
09/04/2024,Applegreen Motorway Services,-?39.54,Transport,2024-04-09,39.54
2023-02-12,McDonalds GALWAY,13.05 EUR,Dining & Takeaway,2023-02-12,13.05
2023-07-04,  AMZN PRIME MEMBER   ,4.99,Entertainment & Subscriptions,2023-07-04,4.99
2024-08-04,Starbucks Coffee #1816,-8.52,Dining & Takeaway,2024-08-04,8.52
25/07/2023,Tesco Express,8.50,Groceries,2023-07-25,8.5
2024-04-27,ODEON CINEMAS CORK,-?6.36,Entertainment & Subscriptions,2024-04-27,6.36
2023-03-06,IKEA DUBLIN STORE,-29.74,Shopping,2023-03-06,29.74
"Apr 15, 2025",  DUNNES STORES LIMERICK   ,-92.67,Groceries,2025-04-15,92.67
27/11/2024,  APPLE STORE RETAIL   ,-?15.45,Shopping,2024-11-27,15.45
2023-07-01,SHELL PETROL 1341,?2.40,Transport,2023-07-01,2.4
18/06/2023,Audible UK Monthly,-?9.83,Entertainment & Subscriptions,2023-06-18,9.83
10/11/2024,Steam Games Purchase,-6.58,Entertainment & Subscriptions,2024-11-10,6.58
2023.05.21,SPAR EXPRESS DUNDALK,?62.42,Groceries,2023-05-21,62.42
2024.01.02,SPOTIFY AB 9674 EUR,-17.28,Entertainment & Subscriptions,2024-01-02,17.28
16/12/2024,ZARA IRELAND SWORDS,-14.30,Shopping,2024-12-16,14.3
2023-02-21,SHELL PETROL 7724,?17.18,Transport,2023-02-21,17.18
2025-06-23,THE LOCAL PUB & GRILL,28.86,Dining & Takeaway,2025-06-23,28.86
2024-11-17,Audible UK Monthly,-35.82,Entertainment & Subscriptions,2024-11-17,35.82
2024-12-02,Marks & Spencer Food,-?164.96,Groceries,2024-12-02,164.96
2023-11-01,SuperValu LIMERICK,-64.82,Groceries,2023-11-01,64.82
2024-05-03,JUST EAT 7059,?7.43,Dining & Takeaway,2024-05-03,7.43
07/11/2023,PENNEYS PRIMARK SWORDS,-146.25,Shopping,2023-11-07,146.25
15/06/2023,  Applegreen Motorway Services   ,?2.40,Transport,2023-06-15,2.4
29/05/2024,YOUTUBE PREMIUM,-?7.22,Entertainment & Subscriptions,2024-05-29,7.22
2023-10-27,Applegreen Motorway Services,-37.22,Transport,2023-10-27,37.22
2024-04-17,,12.76,Transport,2024-04-17,12.76
17/05/2023,FREE NOW TAXI DUBLIN,?2.40,Transport,2023-05-17,2.4
2023-12-27,Decathlon Sports Ireland,-16.00,Shopping,2023-12-27,16.0
26/01/2023,Marks & Spencer Food,-78.79,Groceries,2023-01-26,78.79
"Nov 09, 2023",applegreen motorway services,?2.40,Transport,2023-11-09,2.4
29/06/2024,JUST EAT 2800,?26.98,Dining & Takeaway,2024-06-29,26.98
2025-04-11,SPAR EXPRESS SWORDS,8.50,Groceries,2025-04-11,8.5
2024-09-26,  UBER *TRIP 5671   ,-16.29,Transport,2024-09-26,16.29
2024-06-27,  PLAYSTATION NETWORK 2128   ,-15.07,Entertainment & Subscriptions,2024-06-27,15.07
2024-03-02,leap card auto topup,-4.45,Transport,2024-03-02,4.45
2025-03-15,  Steam Games Purchase   ,-36.29,Entertainment & Subscriptions,2025-03-15,36.29
2025-03-29,spotify ab 5463 eur,-10.66,Entertainment & Subscriptions,2025-03-29,10.66
2023-06-06,Applegreen Motorway Services,-2.40,Transport,2023-06-06,2.4
2023.04.11,ALDI IRELAND GMBH,-29.80,Groceries,2023-04-11,29.8
2025-06-26,LEAP CARD AUTO TOPUP,,Transport,2025-06-26,21.53
2024-10-12,ALDI STORE 4133,-41.08,Groceries,2024-10-12,41.08
2024-08-31,McDonalds CORK,-?46.56,Dining & Takeaway,2024-08-31,46.56
"Apr 11, 2025",tfi leap card topup,-?5.42,Transport,2025-04-11,5.42
18/11/2024,just eat 1208,-?21.44,Dining & Takeaway,2024-11-18,21.44
2024.09.23,SPAR EXPRESS LIMERICK,-93.56,Groceries,2024-09-23,93.56
2024-04-19,FREE NOW TAXI DUBLIN,-11.83,Transport,2024-04-19,11.83
2025-05-10,PureGym Direct Debit,-?48.82,Health & Fitness,2025-05-10,48.82
2024-02-26,ALDI STORE 8944,-50.41,Groceries,2024-02-26,50.41
23/04/2024,tesco extra cork,?93.89,Groceries,2024-04-23,93.89
12/02/2024,  TFI Leap Card Topup   ,7.74 EUR,Transport,2024-02-12,7.74
2024-04-26,Applegreen Motorway Services,-?33.49,Transport,2024-04-26,33.49
"Jul 17, 2024",THE LOCAL PUB & GRILL,-?28.47,Dining & Takeaway,2024-07-17,28.47
2023-08-29,DISNEY PLUS MONTHLY,-4.99,Entertainment & Subscriptions,2023-08-29,4.99
2024-04-24,Gourmet Burger Kitchen,-?28.70,Dining & Takeaway,2024-04-24,28.7
30/03/2024,  IRISH RAIL ONLINE   ,?26.89,Transport,2024-03-30,26.89
"Mar 10, 2025",Dominos Pizza KILKENNY,-?11.96,Dining & Takeaway,2025-03-10,11.96
30/12/2024,SPAR EXPRESS GALWAY,-?48.13,Groceries,2024-12-30,48.13
2025-04-16,  APPLE STORE RETAIL   ,-?103.66,Shopping,2025-04-16,103.66
2025-04-11,Gourmet Burger Kitchen,12.16,Dining & Takeaway,2025-04-11,12.16
2023-10-21,Applegreen Motorway Services,-2.40,Transport,2023-10-21,2.4
"Mar 26, 2025",DART TICKET MACHINE,-33.51,Transport,2025-03-26,33.51
25/06/2025,LEAP CARD AUTO TOPUP,-15.24,Transport,2025-06-25,15.24
2023-07-27,puregym direct debit,31.81,Health & Fitness,2023-07-27,31.81
06/08/2024,VIRGIN MEDIA IRELAND,-116.47,Utilities & Bills,2024-08-06,116.47
09/03/2023,Applegreen Motorway Services,-?4.93,Transport,2023-03-09,4.93
"Feb 03, 2023",Gourmet Burger Kitchen,10.40,Dining & Takeaway,2023-02-03,10.4
2023-04-10,Audible UK Monthly,?18.20,Entertainment & Subscriptions,2023-04-10,18.2
2023-08-08,Insomnia Coffee Co,-53.37,Dining & Takeaway,2023-08-08,53.37
2025-02-16,  DISNEY PLUS MONTHLY   ,-41.58,Entertainment & Subscriptions,2025-02-16,41.58
28/09/2023,ODEON CINEMAS CORK,8.28,Entertainment & Subscriptions,2023-09-28,8.28
2025-05-30,DUNNES STORES DUNDALK,-45.90,Groceries,2025-05-30,45.9
2024-12-14,SuperValu LIMERICK,-?91.84,Groceries,2024-12-14,91.84
2025-06-13,Marks & Spencer Food,-?54.35,Groceries,2025-06-13,54.35
05/04/2023,Sky Ireland TV & Broadband,,Utilities & Bills,2023-04-05,49.29
2024-11-04,Boojum Burrito GALWAY,?298.16,Dining & Takeaway,2024-11-04,298.16
2024.02.12,Insomnia Coffee Co,?37.53,Dining & Takeaway,2024-02-12,37.53
2025-06-13,Tesco Express,-58.27,Groceries,2025-06-13,58.27
2023.06.27,Ikea Dublin Store,-161.64,Shopping,2023-06-27,161.64
2023.02.06,ASOS.COM ORDERS,-67.64,Shopping,2023-02-06,67.64
2024-12-11,Nandos DUBLIN,-35.70,Dining & Takeaway,2024-12-11,35.7
2023-11-09,Dublin Bus 4444,-31.13,Transport,2023-11-09,31.13
2024-03-18,lidl ireland,?54.92,Groceries,2024-03-18,54.92
"Dec 12, 2024",TFI Leap Card Topup,-2.40,Transport,2024-12-12,2.4
2024-05-25,DUBLIN BUS 8395,-27.96,Transport,2024-05-25,27.96
2023-12-02,  DUNNES STORES GALWAY   ,?86.59,Groceries,2023-12-02,86.59
2024.10.15,DART TICKET MACHINE,,Transport,2024-10-15,18.55
14/05/2023,TESCO EXTRA DUBLIN,63.56,Groceries,2023-05-14,63.56
2025.04.14,ELECTRIC IRELAND DD,-102.58,Utilities & Bills,2025-04-14,102.58
2023.05.21,  Dominos Pizza DUNDALK   ,-58.72,Dining & Takeaway,2023-05-21,58.72
2025-06-16,the local pub & grill,-32.53,Dining & Takeaway,2025-06-16,32.53
2024-09-28,TESCO EXTRA KILKENNY,-85.78,Groceries,2024-09-28,85.78
2025-02-02,  SuperValu LIMERICK   ,-30.51,Groceries,2025-02-02,30.51
2024-09-01,  Audible UK Monthly   ,-17.09,Entertainment & Subscriptions,2024-09-01,17.09
2023-11-23,Marks & Spencer Food,-29.60,Groceries,2023-11-23,29.6
2024-04-18,,-?34.88,Dining & Takeaway,2024-04-18,34.88
2024-01-18,Lidl 5021 GALWAY,-56.40,Groceries,2024-01-18,56.4
2024-08-27,Bord Gais Energy DD,-?85.59,Utilities & Bills,2024-08-27,85.59
2023.03.09,,36.94,Dining & Takeaway,2023-03-09,36.94
2023-09-05,VIRGIN MEDIA IRELAND,168.80 EUR,Utilities & Bills,2023-09-05,168.8
"Feb 22, 2025",,?63.91,Groceries,2025-02-22,63.91
2025-04-14,TESCO EXTRA DUBLIN,-20.11,Groceries,2025-04-14,20.11
"May 27, 2025",LEAP CARD AUTO TOPUP,-?2.40,Transport,2025-05-27,2.4
24/03/2024,supervalu swords,?76.53,Groceries,2024-03-24,76.53
2025-03-28,Gourmet Burger Kitchen,-?67.43,Dining & Takeaway,2025-03-28,67.43
"May 12, 2025",Boojum Burrito Cork,-28.60,Dining & Takeaway,2025-05-12,28.6
2025-05-09,  AMZN Mktp UK*2984   ,-?154.52,Shopping,2025-05-09,154.52
2023-04-19,Aldi Ireland Gmbh,-38.31,Groceries,2023-04-19,38.31
2025-03-29,Lidl 2896 Galway,-101.71,Groceries,2025-03-29,101.71
2025.03.28,Tk Maxx Cork,-45.11,Shopping,2025-03-28,45.11
18/08/2024,dominos pizza dublin,-10.10,Dining & Takeaway,2024-08-18,10.1
2025.01.26,Dominos Pizza KILKENNY,47.91,Dining & Takeaway,2025-01-26,47.91
14/03/2025,Boojum Burrito SWORDS,-14.44,Dining & Takeaway,2025-03-14,14.44
2024-10-11,TESCO EXTRA KILKENNY,-72.51,Groceries,2024-10-11,72.51
2023-01-16,,-?50.16,Groceries,2023-01-16,50.16
2024-05-08,Lidl 4181 Cork,-14.17,Groceries,2024-05-08,14.17
06/11/2024,ALDI STORE 5403,-32.60,Groceries,2024-11-06,32.6
15/06/2025,shell petrol 7987,-4.63,Transport,2025-06-15,4.63
11/11/2023,SuperValu DUBLIN,-?54.20,Groceries,2023-11-11,54.2
2024.09.21,,?20.89,Entertainment & Subscriptions,2024-09-21,20.89
2025-04-27,  THE LOCAL PUB & GRILL   ,-?14.80,Dining & Takeaway,2025-04-27,14.8
2023-08-18,FREE NOW TAXI DUBLIN,-19.75,Transport,2023-08-18,19.75
2023-09-24,tesco express,69.10,Groceries,2023-09-24,69.1
04/06/2025,SuperValu CORK,-?54.72,Groceries,2025-06-04,54.72
2023-08-07,APPLE STORE RETAIL,-?78.15,Shopping,2023-08-07,78.15
2024-01-15,DELIVEROO.IE *7623,-?25.72,Dining & Takeaway,2024-01-15,25.72
2024-03-03,Gym Plus Membership,-?64.12,Health & Fitness,2024-03-03,64.12
15/11/2024,  Brown Thomas Dublin   ,10.00,Shopping,2024-11-15,10.0
2023-07-20,Lidl 7240 DUNDALK,?33.78,Groceries,2023-07-20,33.78
04/10/2023,gourmet burger kitchen,-46.89,Dining & Takeaway,2023-10-04,46.89
2024-09-10,Decathlon Sports Ireland,-76.69,Shopping,2024-09-10,76.69
2025-04-07,DART TICKET MACHINE,-2.40,Transport,2025-04-07,2.4
2024-02-27,Boojum Burrito LIMERICK,-?4.20,Dining & Takeaway,2024-02-27,4.2
2023-04-26,Aldi Store 3364,,Groceries,2023-04-26,65.06
"Nov 25, 2024",DUNNES STORES DUBLIN,-28.97,Groceries,2024-11-25,28.97
2025-06-19,Dentist Clinic Dublin,-14.97,Health & Fitness,2025-06-19,14.97
2023-03-12,ALDI STORE 5260,-50.80,Groceries,2023-03-12,50.8
27/03/2024,nandos swords,?48.76,Dining & Takeaway,2024-03-27,48.76
2025.06.23,Brown Thomas Dublin,?124.75,Shopping,2025-06-23,124.75
2025-06-06,Audible UK Monthly,-37.15,Entertainment & Subscriptions,2025-06-06,37.15
27/11/2023,Just Eat 5399,-?37.45,Dining & Takeaway,2023-11-27,37.45
2024-10-22,LEAP CARD AUTO TOPUP,13.51,Transport,2024-10-22,13.51
"Jan 06, 2025",  Netflix.com monthly   ,-18.21,Entertainment & Subscriptions,2025-01-06,18.21
2024-12-21,  JUST EAT 8695   ,-?99.91,Dining & Takeaway,2024-12-21,99.91
2024-04-20,ODEON CINEMAS DUNDALK,18.53,Entertainment & Subscriptions,2024-04-20,18.53
2023-03-06,JUST EAT 5361,-9.89,Dining & Takeaway,2023-03-06,9.89
2023.09.13,JUST EAT 2634,?25.83,Dining & Takeaway,2023-09-13,25.83
2024-05-22,Tesco Store #7949,?86.61,Groceries,2024-05-22,86.61
12/07/2023,Gourmet Burger Kitchen,34.75 EUR,Dining & Takeaway,2023-07-12,34.75
2024-01-09,ALDI IRELAND GMBH,-?50.53,Groceries,2024-01-09,50.53
2023-02-09,DELIVEROO.IE *7244,-44.26,Dining & Takeaway,2023-02-09,44.26
2023-09-24,Starbucks Coffee #1603,-64.97,Dining & Takeaway,2023-09-24,64.97
"Jun 07, 2024",APPLE STORE RETAIL,-?86.80,Shopping,2024-06-07,86.8
2023-05-21,LEAP CARD AUTO TOPUP,-2.40,Transport,2023-05-21,2.4
2023.02.03,IKEA DUBLIN STORE,-130.36,Shopping,2023-02-03,130.36
2024-11-18,TK MAXX DUBLIN,86.91,Shopping,2024-11-18,86.91
"Jun 01, 2025",DUBLIN BUS 6231,25.26,Transport,2025-06-01,25.26
23/01/2024,,-45.96,Transport,2024-01-23,45.96
2024-06-21,TK MAXX KILKENNY,-23.84,Shopping,2024-06-21,23.84
01/09/2023,tfi leap card topup,?23.01,Transport,2023-09-01,23.01
02/03/2024,Irish Water Direct Debit,56.45,Utilities & Bills,2024-03-02,56.45
2024.03.16,  Starbucks Coffee #9866   ,?56.12,Dining & Takeaway,2024-03-16,56.12
2024-07-23,Tesco Store #7358,-?65.94,Groceries,2024-07-23,65.94
2025-04-22,SuperValu DUNDALK,-?37.12,Groceries,2025-04-22,37.12
30/12/2023,Insomnia Coffee Co,?81.82,Dining & Takeaway,2023-12-30,81.82
2023-11-16,JUST EAT 8214,28.84,Dining & Takeaway,2023-11-16,28.84
25/01/2023,DISNEY PLUS MONTHLY,-4.99,Entertainment & Subscriptions,2023-01-25,4.99
2025.01.03,Tesco Express,38.81 EUR,Groceries,2025-01-03,38.81
2023-12-28,Spar Express Limerick,-?142.62,Groceries,2023-12-28,142.62
2025-01-29,  Boojum Burrito SWORDS   ,-11.57,Dining & Takeaway,2025-01-29,11.57
2025-06-01,PENNEYS PRIMARK DUNDALK,-95.03,Shopping,2025-06-01,95.03
2024-06-17,JUST EAT 3901,?14.92,Dining & Takeaway,2024-06-17,14.92
2024-09-09,  Costa Coffee BRAY   ,-50.16,Dining & Takeaway,2024-09-09,50.16
2023.06.24,  Dominos Pizza SWORDS   ,-61.08,Dining & Takeaway,2023-06-24,61.08
2024-01-10,Netflix.com monthly,-?31.11,Entertainment & Subscriptions,2024-01-10,31.11
2023.05.15,FLYEfit Gym Monthly DD,-87.97,Health & Fitness,2023-05-15,87.97
07/04/2025,LIDL IRELAND,-?54.00,Groceries,2025-04-07,54.0
2023-05-13,DUNNES STORES KILKENNY,89.91 EUR,Groceries,2023-05-13,89.91
2025-05-10,FREE NOW TAXI DUBLIN,?23.44,Transport,2025-05-10,23.44
2025-02-20,Nandos DUNDALK,-37.43,Dining & Takeaway,2025-02-20,37.43
10/08/2023,LIDL IRELAND,86.18,Groceries,2023-08-10,86.18
29/12/2023,Starbucks Coffee #1379,38.96 EUR,Dining & Takeaway,2023-12-29,38.96
25/10/2024,DART TICKET MACHINE,41.21,Transport,2024-10-25,41.21
2025.01.10,SPOTIFY AB 7208 EUR,13.43 EUR,Entertainment & Subscriptions,2025-01-10,13.43
17/03/2024,SPOTIFY AB 4097 EUR,-?21.68,Entertainment & Subscriptions,2024-03-17,21.68
2024-09-14,Physiotherapy Care Dublin,49.18,Health & Fitness,2024-09-14,49.18
2025-06-11,Costa Coffee KILKENNY,?18.60,Dining & Takeaway,2025-06-11,18.6
11/04/2023,  LIDL IRELAND   ,-55.96,Groceries,2023-04-11,55.96
2024-12-11,  UBER *TRIP 2315   ,-?51.09,Transport,2024-12-11,51.09
2023-03-25,Tesco Express,-?30.53,Groceries,2023-03-25,30.53
2024-12-24,Nandos DUNDALK,-19.26,Dining & Takeaway,2024-12-24,19.26
05/10/2023,ALDI STORE 7951,-33.02,Groceries,2023-10-05,33.02
2023-12-01,ALDI STORE 9627,-?22.52,Groceries,2023-12-01,22.52
04/04/2024,,-13.65,Groceries,2024-04-04,13.65
02/03/2024,SPAR EXPRESS DUBLIN,-64.83,Groceries,2024-03-02,64.83
2025-05-10,marks & spencer food,-31.53,Groceries,2025-05-10,31.53
2024-12-01,youtube premium,-21.94,Entertainment & Subscriptions,2024-12-01,21.94
2025-03-02,DELIVEROO.IE *5526,?5.12,Dining & Takeaway,2025-03-02,5.12
2024-12-25,Decathlon Sports Ireland,-15.38,Shopping,2024-12-25,15.38
06/04/2023,VODAFONE BILL PAY,-?47.60,Utilities & Bills,2023-04-06,47.6
"Apr 15, 2024",uber *trip 5161,24.46,Transport,2024-04-15,24.46
2024-06-12,SuperValu DUNDALK,-94.65,Groceries,2024-06-12,94.65
2024-02-05,deliveroo.ie *7731,-?28.49,Dining & Takeaway,2024-02-05,28.49
2023-01-12,  Physiotherapy Care Dublin   ,-37.59,Health & Fitness,2023-01-12,37.59
2023-01-02,APPLE STORE RETAIL,-104.99,Shopping,2023-01-02,104.99
10/03/2024,leap card auto topup,-49.06,Transport,2024-03-10,49.06
"Aug 25, 2024",  McDonalds BRAY   ,-14.19,Dining & Takeaway,2024-08-25,14.19
26/04/2024,McDonalds LIMERICK,-42.94,Dining & Takeaway,2024-04-26,42.94
24/12/2024,,?2.40,Transport,2024-12-24,2.4
2025-04-11,RYANAIR *4095 AIRLINE,142.06 EUR,Travel,2025-04-11,142.06
2025-03-28,Dominos Pizza DUBLIN,?25.54,Dining & Takeaway,2025-03-28,25.54
2024-11-02,FLYEfit Gym Monthly DD,-?52.33,Health & Fitness,2024-11-02,52.33
14/07/2024,Steam Games Purchase,-18.06,Entertainment & Subscriptions,2024-07-14,18.06
13/12/2024,Gourmet Burger Kitchen,-?18.52,Dining & Takeaway,2024-12-13,18.52
25/02/2024,nandos kilkenny,-53.66,Dining & Takeaway,2024-02-25,53.66
08/03/2023,Tesco Extra Kilkenny,-75.73,Groceries,2023-03-08,75.73
13/01/2025,lidl 6934 dublin,,Groceries,2025-01-13,63.91
"Nov 08, 2024",RYANAIR *6861 AIRLINE,523.76 EUR,Travel,2024-11-08,523.76
14/06/2023,DART TICKET MACHINE,2.40,Transport,2023-06-14,2.4
10/03/2025,Tesco Express,-?35.50,Groceries,2025-03-10,35.5
2025.03.24,AIRBNB * 2549,?375.44,Travel,2025-03-24,375.44
2023-09-28,Tesco Store #6031,-?77.06,Groceries,2023-09-28,77.06
"Dec 15, 2023",Insomnia Coffee Co,?30.78,Dining & Takeaway,2023-12-15,30.78
2024-02-22,Applegreen Motorway Services,48.42,Transport,2024-02-22,48.42
"Dec 17, 2023",SHELL PETROL 5030,-56.59,Transport,2023-12-17,56.59
"Oct 25, 2023",THE LOCAL PUB & GRILL,-17.53,Dining & Takeaway,2023-10-25,17.53
20/06/2023,TESCO EXTRA GALWAY,?76.85,Groceries,2023-06-20,76.85
2023-08-24,JUST EAT 1894,-?39.01,Dining & Takeaway,2023-08-24,39.01
2025-06-16,dublin bus 8552,-?29.22,Transport,2025-06-16,29.22
28/08/2023,DELIVEROO.IE *6684,-51.38,Dining & Takeaway,2023-08-28,51.38
2024-06-30,LIDL IRELAND,-49.31,Groceries,2024-06-30,49.31
"Dec 04, 2023",disney plus monthly,-31.34,Entertainment & Subscriptions,2023-12-04,31.34
2024.10.29,SPAR EXPRESS CORK,-36.30,Groceries,2024-10-29,36.3
2023.03.08,Starbucks Coffee #3060,36.20,Dining & Takeaway,2023-03-08,36.2
"Jun 26, 2023",UBER *TRIP 1235,-6.59,Transport,2023-06-26,6.59
"Oct 30, 2023",ASOS.COM ORDERS,-?10.00,Shopping,2023-10-30,10.0
2024.04.02,  Gourmet Burger Kitchen   ,-?3.80,Dining & Takeaway,2024-04-02,3.8
2024-08-05,spar express limerick,-53.81,Groceries,2024-08-05,53.81
2024-05-17,Steam Games Purchase,-19.64,Entertainment & Subscriptions,2024-05-17,19.64
2024-11-10,Ikea Dublin Store,?28.51,Shopping,2024-11-10,28.51
21/12/2024,IKEA DUBLIN STORE,15.57,Shopping,2024-12-21,15.57
2023-10-06,PENNEYS PRIMARK SWORDS,?30.76,Shopping,2023-10-06,30.76
04/06/2023,irish water direct debit,-74.04,Utilities & Bills,2023-06-04,74.04
2023.02.27,FREE NOW TAXI DUBLIN,-?18.42,Transport,2023-02-27,18.42
2024.05.06,  IRISH RAIL ONLINE   ,-?22.17,Transport,2024-05-06,22.17
2023-06-04,just eat 2009,-?37.51,Dining & Takeaway,2023-06-04,37.51
2023-12-21,Tesco Express,-89.24,Groceries,2023-12-21,89.24
2023.08.19,Tesco Express,27.10,Groceries,2023-08-19,27.1
2023-12-27,Marks & Spencer Food,-120.13,Groceries,2023-12-27,120.13
2023-09-01,SHELL PETROL 3472,41.29,Transport,2023-09-01,41.29
25/08/2023,Dart Ticket Machine,-?31.27,Transport,2023-08-25,31.27
2025.03.03,DELIVEROO.IE *8920,?34.56,Dining & Takeaway,2025-03-03,34.56
2024-01-23,applegreen motorway services,-9.38,Transport,2024-01-23,9.38
2023-06-01,SuperValu BRAY,77.87,Groceries,2023-06-01,77.87
2024-04-04,Tesco Extra Dundalk,-59.77,Groceries,2024-04-04,59.77
26/07/2023,,-37.19,Groceries,2023-07-26,37.19
2025-06-29,Dominos Pizza CORK,66.23,Dining & Takeaway,2025-06-29,66.23
17/07/2023,  Lidl 4104 DUNDALK   ,-92.36,Groceries,2023-07-17,92.36
2025-06-27,CIRCLE K DUNDALK,-?17.20,Transport,2025-06-27,17.2
2025-04-27,Tfi Leap Card Topup,-?19.84,Transport,2025-04-27,19.84
"May 15, 2023",Aldi Store 2195,-?45.24,Groceries,2023-05-15,45.24
2024-12-24,just eat 1977,?52.85,Dining & Takeaway,2024-12-24,52.85
"Aug 20, 2024",SuperValu CORK,-?25.74,Groceries,2024-08-20,25.74
08/10/2023,Audible UK Monthly,-26.81,Entertainment & Subscriptions,2023-10-08,26.81
02/05/2023,Dominos Pizza DUNDALK,-33.13,Dining & Takeaway,2023-05-02,33.13
"Oct 04, 2024",AMZN PRIME MEMBER,-?4.99,Entertainment & Subscriptions,2024-10-04,4.99
2024-03-08,  SPAR EXPRESS GALWAY   ,?87.16,Groceries,2024-03-08,87.16
2023-06-26,  LEAP CARD AUTO TOPUP   ,-23.88,Transport,2023-06-26,23.88
2025-02-12,tesco extra dublin,-?98.83,Groceries,2025-02-12,98.83
2023.08.02,ALDI IRELAND GMBH,-?40.01,Groceries,2023-08-02,40.01
03/11/2023,APPLE.COM/BILL,-?14.08,Entertainment & Subscriptions,2023-11-03,14.08
2023.01.26,  Nandos KILKENNY   ,-?6.72,Dining & Takeaway,2023-01-26,6.72
2023-07-17,  YOUTUBE PREMIUM   ,-4.99,Entertainment & Subscriptions,2023-07-17,4.99
2024-10-01,Shell Petrol 5940,22.17,Transport,2024-10-01,22.17
02/04/2025,supervalu bray,?42.39,Groceries,2025-04-02,42.39
2023-09-20,SuperValu CORK,-69.23,Groceries,2023-09-20,69.23
2023.10.15,TFI Leap Card Topup,-26.04,Transport,2023-10-15,26.04
"Apr 26, 2023",  Sky Ireland TV & Broadband   ,-?35.00,Utilities & Bills,2023-04-26,35.0
2024.05.20,DUBLIN BUS 1591,-31.33,Transport,2024-05-20,31.33
24/03/2024,Dominos Pizza SWORDS,?18.49,Dining & Takeaway,2024-03-24,18.49
05/02/2025,  Physiotherapy Care Dublin   ,-27.15,Health & Fitness,2025-02-05,27.15
09/05/2025,Applegreen Motorway Services,-24.78,Transport,2025-05-09,24.78
2025.01.28,insomnia coffee co,-?30.31,Dining & Takeaway,2025-01-28,30.31
11/02/2023,  THE LOCAL PUB & GRILL   ,67.13 EUR,Dining & Takeaway,2023-02-11,67.13
2025-04-09,Free Now Taxi Dublin,-?12.77,Transport,2025-04-09,12.77
08/06/2024,IRISH RAIL ONLINE,?11.78,Transport,2024-06-08,11.78
2023-05-06,  Marks & Spencer Food   ,-?57.43,Groceries,2023-05-06,57.43
04/06/2023,SuperValu CORK,-28.50,Groceries,2023-06-04,28.5
2024.08.31,  FREE NOW TAXI DUBLIN   ,-21.56,Transport,2024-08-31,21.56
2024-02-21,Applegreen Motorway Services,?2.40,Transport,2024-02-21,2.4
"Jul 27, 2023",SPAR EXPRESS DUBLIN,-51.41,Groceries,2023-07-27,51.41
2024.02.23,  THE LOCAL PUB & GRILL   ,-?42.85,Dining & Takeaway,2024-02-23,42.85
2023.12.26,Insomnia Coffee Co,,Dining & Takeaway,2023-12-26,36.08
20/05/2023,LEAP CARD AUTO TOPUP,-?12.64,Transport,2023-05-20,12.64
2023-09-30,DELIVEROO.IE *8027,-55.10,Dining & Takeaway,2023-09-30,55.1
21/03/2025,RYANAIR *9557 AIRLINE,1132.39,Travel,2025-03-21,1132.39
02/06/2023,  Costa Coffee BRAY   ,-?22.24,Dining & Takeaway,2023-06-02,22.24
25/12/2024,,-?5.27,Dining & Takeaway,2024-12-25,5.27
2023-06-25,DUBLIN BUS 2805,-?8.31,Transport,2023-06-25,8.31
26/05/2024,SuperValu DUNDALK,-?23.26,Groceries,2024-05-26,23.26
2024-09-20,ODEON CINEMAS CORK,,Entertainment & Subscriptions,2024-09-20,4.99
"Dec 14, 2024",Council Tax Payment,-103.80,Utilities & Bills,2024-12-14,103.8
07/04/2023,ODEON CINEMAS KILKENNY,35.37,Entertainment & Subscriptions,2023-04-07,35.37
2024-07-10,tesco extra cork,-?59.04,Groceries,2024-07-10,59.04
15/11/2023,  SPAR EXPRESS GALWAY   ,-45.63,Groceries,2023-11-15,45.63
22/03/2023,SuperValu BRAY,38.44 EUR,Groceries,2023-03-22,38.44
2023-12-08,Penneys Primark Galway,-?15.41,Shopping,2023-12-08,15.41
2023-12-13,YOUTUBE PREMIUM,-33.45,Entertainment & Subscriptions,2023-12-13,33.45
2025-05-31,SPAR EXPRESS GALWAY,-53.94,Groceries,2025-05-31,53.94
2024-07-16,AMZN PRIME MEMBER,-22.52,Entertainment & Subscriptions,2024-07-16,22.52
26/06/2024,LEAP CARD AUTO TOPUP,-2.40,Transport,2024-06-26,2.4
2024.02.18,Boojum Burrito DUNDALK,5.18,Dining & Takeaway,2024-02-18,5.18
"Sep 25, 2024",,63.54 EUR,Health & Fitness,2024-09-25,63.54
2025-06-07,Tesco Store #5687,-78.86,Groceries,2025-06-07,78.86
2025-01-01,Dominos Pizza LIMERICK,42.89 EUR,Dining & Takeaway,2025-01-01,42.89
2024-07-03,lidl ireland,-20.00,Groceries,2024-07-03,20.0
2024-08-11,FREE NOW TAXI DUBLIN,-21.59,Transport,2024-08-11,21.59
"Jan 13, 2024",Tesco Store #5072,-?89.22,Groceries,2024-01-13,89.22
"Jan 07, 2023",  TFI Leap Card Topup   ,-23.94,Transport,2023-01-07,23.94
2025-04-28,ALDI IRELAND GMBH,-?51.13,Groceries,2025-04-28,51.13
2024-12-16,YOUTUBE PREMIUM,-?16.99,Entertainment & Subscriptions,2024-12-16,16.99
2024.07.29,DUBLIN BUS 9328,-50.97,Transport,2024-07-29,50.97
2024-07-01,VODAFONE BILL PAY,-115.01,Utilities & Bills,2024-07-01,115.01
2025-06-25,dentist clinic dublin,-12.29,Health & Fitness,2025-06-25,12.29
2025-05-30,IRISH RAIL ONLINE,?28.01,Transport,2025-05-30,28.01
2025-05-24,McDonalds BRAY,-28.61,Dining & Takeaway,2025-05-24,28.61
2025-01-15,Gourmet Burger Kitchen,-3.80,Dining & Takeaway,2025-01-15,3.8
2023.05.22,Lidl 6366 DUBLIN,-119.30,Groceries,2023-05-22,119.3
24/04/2025,McDonalds DUBLIN,?45.71,Dining & Takeaway,2025-04-24,45.71
04/11/2024,insomnia coffee co,-35.15,Dining & Takeaway,2024-11-04,35.15
2025-06-05,Boojum Burrito CORK,?11.53,Dining & Takeaway,2025-06-05,11.53
2023-10-03,Marks & Spencer Food,-39.68,Groceries,2023-10-03,39.68
2024-05-12,leap card auto topup,-2.40,Transport,2024-05-12,2.4
2025.03.04,THE LOCAL PUB & GRILL,19.41,Dining & Takeaway,2025-03-04,19.41
12/02/2023,McDonalds KILKENNY,-?52.81,Dining & Takeaway,2023-02-12,52.81
2024-07-13,SuperValu SWORDS,29.15,Groceries,2024-07-13,29.15
"Mar 02, 2025",Marks & Spencer Food,-8.50,Groceries,2025-03-02,8.5
2024-03-07,SPAR EXPRESS DUBLIN,-?75.96,Groceries,2024-03-07,75.96
2023.10.22,AMZN Mktp UK*7433,?14.45,Shopping,2023-10-22,14.45
2025-04-17,Boojum Burrito GALWAY,-13.55,Dining & Takeaway,2025-04-17,13.55
2023-02-22,Gourmet Burger Kitchen,-25.65,Dining & Takeaway,2023-02-22,25.65
12/01/2024,Dunnes Stores Galway,-18.91,Groceries,2024-01-12,18.91
2024-02-02,amzn prime member,?18.70,Entertainment & Subscriptions,2024-02-02,18.7
2023-10-03,irish rail online,-42.05,Transport,2023-10-03,42.05
2023-04-21,  Insomnia Coffee Co   ,-34.71,Dining & Takeaway,2023-04-21,34.71
07/02/2024,DUNNES STORES LIMERICK,-57.63,Groceries,2024-02-07,57.63
2023-09-03,JUST EAT 7498,-23.16,Dining & Takeaway,2023-09-03,23.16
"Jun 05, 2024",Holland & Barrett KILKENNY,50.65,Health & Fitness,2024-06-05,50.65
16/06/2023,CIRCLE K CORK,?13.27,Transport,2023-06-16,13.27
2024-06-02,  DART TICKET MACHINE   ,-47.67,Transport,2024-06-02,47.67
2024-12-07,tesco extra dublin,-36.46,Groceries,2024-12-07,36.46
"Mar 22, 2025",DART TICKET MACHINE,-2.40,Transport,2025-03-22,2.4
2023-07-25,  ALDI STORE 6257   ,,Groceries,2023-07-25,70.32
2024.10.23,  McDonalds DUNDALK   ,-8.74,Dining & Takeaway,2024-10-23,8.74
19/12/2023,Audible UK Monthly,-?4.99,Entertainment & Subscriptions,2023-12-19,4.99
14/03/2025,DISNEY PLUS MONTHLY,4.99 EUR,Entertainment & Subscriptions,2025-03-14,4.99
2024-07-14,HOTELS.COM RESERVATION,?150.28,Travel,2024-07-14,150.28
2024-03-28,bord gais energy dd,-85.19,Utilities & Bills,2024-03-28,85.19
2024-11-21,supervalu cork,-67.58,Groceries,2024-11-21,67.58
19/02/2025,  Tesco Store #9123   ,-57.48,Groceries,2025-02-19,57.48
2023-01-25,JUST EAT 6652,?29.20,Dining & Takeaway,2023-01-25,29.2
2023-12-15,the local pub & grill,-?27.89,Dining & Takeaway,2023-12-15,27.89
2025.06.16,PENNEYS PRIMARK DUNDALK,-?98.79,Shopping,2025-06-16,98.79
2023.12.22,  THE LOCAL PUB & GRILL   ,-?57.24,Dining & Takeaway,2023-12-22,57.24
2023-05-26,  PLAYSTATION NETWORK 5005   ,-?4.99,Entertainment & Subscriptions,2023-05-26,4.99
2023-04-11,VODAFONE BILL PAY,-86.16,Utilities & Bills,2023-04-11,86.16
23/06/2025,SHELL PETROL 1939,-26.23,Transport,2025-06-23,26.23
2024-02-26,ALDI STORE 8663,?23.59,Groceries,2024-02-26,23.59
2024-02-07,DART TICKET MACHINE,2.40,Transport,2024-02-07,2.4
2023-05-08,PLAYSTATION NETWORK 5072,?4.99,Entertainment & Subscriptions,2023-05-08,4.99
28/03/2025,  Applegreen Motorway Services   ,,Transport,2025-03-28,2.4
"Mar 02, 2025",  Starbucks Coffee #3893   ,-?21.64,Dining & Takeaway,2025-03-02,21.64
2025-01-22,  McDonalds DUBLIN   ,40.48 EUR,Dining & Takeaway,2025-01-22,40.48
30/09/2024,  TK MAXX GALWAY   ,-143.18,Shopping,2024-09-30,143.18
2024-01-05,PLAYSTATION NETWORK 5970,18.91,Entertainment & Subscriptions,2024-01-05,18.91
2023-05-04,deliveroo.ie *1685,-3.80,Dining & Takeaway,2023-05-04,3.8
2024-07-16,DUBLIN BUS 1009,-?12.22,Transport,2024-07-16,12.22
2024-10-06,  LIDL IRELAND   ,75.05 EUR,Groceries,2024-10-06,75.05
2023-05-01,Dominos Pizza GALWAY,-3.80,Dining & Takeaway,2023-05-01,3.8
01/01/2024,Gym Plus Membership,-?48.31,Health & Fitness,2024-01-01,48.31
2025-05-14,amzn mktp uk*4132,?10.00,Shopping,2025-05-14,10.0
"May 26, 2025",Shell Petrol 5336,25.86,Transport,2025-05-26,25.86
2024-05-20,circle k limerick,?11.80,Transport,2024-05-20,11.8
2023-04-27,Steam Games Purchase,-4.99,Entertainment & Subscriptions,2023-04-27,4.99
2023-01-06,Lidl 9807 SWORDS,?63.81,Groceries,2023-01-06,63.81
2023-09-10,  YOUTUBE PREMIUM   ,5.76,Entertainment & Subscriptions,2023-09-10,5.76
2024-07-17,DELIVEROO.IE *5170,,Dining & Takeaway,2024-07-17,26.64
06/07/2023,  Bord Gais Energy DD   ,98.68 EUR,Utilities & Bills,2023-07-06,98.68
16/05/2023,CIRCLE K DUNDALK,-13.05,Transport,2023-05-16,13.05
2024-01-09,free now taxi dublin,-?19.75,Transport,2024-01-09,19.75
2024-11-05,SHELL PETROL 7302,20.99,Transport,2024-11-05,20.99
"May 19, 2023",,-52.67,Groceries,2023-05-19,52.67
05/11/2024,DELIVEROO.IE *7919,-?17.40,Dining & Takeaway,2024-11-05,17.4
2025-05-14,Sky Ireland TV & Broadband,-109.70,Utilities & Bills,2025-05-14,109.7
2025-04-28,LEAP CARD AUTO TOPUP,2.51,Transport,2025-04-28,2.51
2025-02-27,dunnes stores cork,-?54.60,Groceries,2025-02-27,54.6
2023-12-26,ELECTRIC IRELAND DD,-148.88,Utilities & Bills,2023-12-26,148.88
24/05/2025,  SPAR EXPRESS GALWAY   ,-?46.02,Groceries,2025-05-24,46.02
2023-10-24,Costa Coffee Kilkenny,-47.73,Dining & Takeaway,2023-10-24,47.73
2023-05-29,zara ireland galway,102.05 EUR,Shopping,2023-05-29,102.05
2023-03-02,Starbucks Coffee #8032,-11.01,Dining & Takeaway,2023-03-02,11.01
18/08/2024,ELECTRIC IRELAND DD,?125.76,Utilities & Bills,2024-08-18,125.76
2023-05-10,,12.42 EUR,Dining & Takeaway,2023-05-10,12.42
30/08/2023,Physiotherapy Care Dublin,-?12.00,Health & Fitness,2023-08-30,12.0
"Oct 26, 2024",amzn mktp uk*7172,-46.71,Shopping,2024-10-26,46.71
2023.07.11,Gourmet Burger Kitchen,-?38.89,Dining & Takeaway,2023-07-11,38.89
2023-04-23,audible uk monthly,-27.22,Entertainment & Subscriptions,2023-04-23,27.22
2025.03.09,Lidl 7365 GALWAY,-81.49,Groceries,2025-03-09,81.49
2025-05-21,Tesco Store #1891,-?37.15,Groceries,2025-05-21,37.15
11/02/2024,  Nandos KILKENNY   ,-15.21,Dining & Takeaway,2024-02-11,15.21
"May 04, 2025",Boojum Burrito SWORDS,-?14.52,Dining & Takeaway,2025-05-04,14.52
2025-02-07,,-111.26,Utilities & Bills,2025-02-07,111.26
2025-03-09,SuperValu LIMERICK,-?89.56,Groceries,2025-03-09,89.56
17/12/2023,AMZN Mktp UK*6427,-144.06,Shopping,2023-12-17,144.06
2024-10-13,Boojum Burrito SWORDS,-?52.32,Dining & Takeaway,2024-10-13,52.32
2023-05-22,DART TICKET MACHINE,-?8.27,Transport,2023-05-22,8.27
2023.09.30,CIRCLE K DUNDALK,-?2.40,Transport,2023-09-30,2.4
2024-01-26,TESCO EXTRA BRAY,-44.41,Groceries,2024-01-26,44.41
"Sep 28, 2024",Lidl 5285 GALWAY,57.08,Groceries,2024-09-28,57.08
28/05/2025,Nandos GALWAY,-?5.89,Dining & Takeaway,2025-05-28,5.89
03/10/2024,SuperValu CORK,?23.09,Groceries,2024-10-03,23.09
2023.08.03,Dominos Pizza BRAY,-27.46,Dining & Takeaway,2023-08-03,27.46
06/06/2024,Starbucks Coffee #7055,-25.48,Dining & Takeaway,2024-06-06,25.48
2024-01-17,Lidl 5643 KILKENNY,-45.04,Groceries,2024-01-17,45.04
12/08/2023,ALDI STORE 5412,-107.79,Groceries,2023-08-12,107.79
2023-09-13,dominos pizza swords,-3.80,Dining & Takeaway,2023-09-13,3.8
"May 22, 2024",  EIR TELECOM DIRECT DEBIT   ,118.51 EUR,Utilities & Bills,2024-05-22,118.51
2023-11-08,Insomnia Coffee Co,?3.80,Dining & Takeaway,2023-11-08,3.8
30/08/2024,Gourmet Burger Kitchen,-?3.80,Dining & Takeaway,2024-08-30,3.8
03/03/2024,BOOTS PHARMACY CORK,-89.95,Shopping,2024-03-03,89.95
2023-08-14,ALDI IRELAND GMBH,?67.21,Groceries,2023-08-14,67.21
2025-03-29,SuperValu BRAY,-?47.83,Groceries,2025-03-29,47.83
"Apr 06, 2023",  AMZN PRIME MEMBER   ,?13.66,Entertainment & Subscriptions,2023-04-06,13.66
2024-05-17,,?50.44,Groceries,2024-05-17,50.44
25/01/2023,DISNEY PLUS MONTHLY,-6.48,Entertainment & Subscriptions,2023-01-25,6.48
10/03/2023,Dublin Airport Parking,-148.36,Travel,2023-03-10,148.36
31/05/2023,lidl 8467 kilkenny,?39.51,Groceries,2023-05-31,39.51
"Sep 06, 2023",Tesco Express,-68.24,Groceries,2023-09-06,68.24
2024-10-23,Boots Pharmacy Bray,-78.94,Shopping,2024-10-23,78.94
13/08/2024,tesco store #5480,32.06,Groceries,2024-08-13,32.06
2025-01-25,APPLE.COM/BILL,-?26.90,Entertainment & Subscriptions,2025-01-25,26.9
06/03/2024,Costa Coffee Cork,-36.03,Dining & Takeaway,2024-03-06,36.03
02/11/2023,THE LOCAL PUB & GRILL,?41.19,Dining & Takeaway,2023-11-02,41.19
28/07/2023,Aldi Ireland Gmbh,96.64 EUR,Groceries,2023-07-28,96.64
2025-04-01,Starbucks Coffee #4759,?29.60,Dining & Takeaway,2025-04-01,29.6
01/07/2024,,41.50,Groceries,2024-07-01,41.5
22/11/2024,  ZARA IRELAND LIMERICK   ,-33.04,Shopping,2024-11-22,33.04
31/03/2023,aldi store 7292,-23.36,Groceries,2023-03-31,23.36
"Aug 22, 2024",  TK MAXX LIMERICK   ,-34.64,Shopping,2024-08-22,34.64
2023-06-23,ODEON CINEMAS DUBLIN,?19.40,Entertainment & Subscriptions,2023-06-23,19.4
2024-12-30,Gourmet Burger Kitchen,-49.93,Dining & Takeaway,2024-12-30,49.93
2024-10-07,  SPAR EXPRESS CORK   ,-?32.34,Groceries,2024-10-07,32.34
04/05/2023,BOOTS PHARMACY DUBLIN,-?121.01,Shopping,2023-05-04,121.01
2023-03-07,THE LOCAL PUB & GRILL,-?25.41,Dining & Takeaway,2023-03-07,25.41
01/02/2025,BOOKING.COM HOTEL,-?25.00,Travel,2025-02-01,25.0
25/04/2024,IRISH RAIL ONLINE,-32.65,Transport,2024-04-25,32.65
2025-05-03,McDonalds CORK,?38.96,Dining & Takeaway,2025-05-03,38.96
13/01/2025,Dentist Clinic Dublin,-14.44,Health & Fitness,2025-01-13,14.44
01/06/2024,  TESCO EXTRA CORK   ,-53.63,Groceries,2024-06-01,53.63
2023-07-22,  YOUTUBE PREMIUM   ,-10.21,Entertainment & Subscriptions,2023-07-22,10.21
"Jun 22, 2024",TFI Leap Card Topup,?27.76,Transport,2024-06-22,27.76
31/01/2023,SuperValu KILKENNY,-?56.16,Groceries,2023-01-31,56.16
"Jan 03, 2024",DART TICKET MACHINE,-?34.96,Transport,2024-01-03,34.96
"Feb 24, 2023",DUBLIN BUS 7128,40.60,Transport,2023-02-24,40.6
2023.08.11,starbucks coffee #1158,?12.67,Dining & Takeaway,2023-08-11,12.67
2025.05.18,Applegreen Motorway Services,-21.86,Transport,2025-05-18,21.86
2023-11-03,  TESCO EXTRA SWORDS   ,-94.31,Groceries,2023-11-03,94.31
2024-09-02,TFI Leap Card Topup,-?22.50,Transport,2024-09-02,22.5
"Jul 17, 2024",THE LOCAL PUB & GRILL,-?28.47,Dining & Takeaway,2024-07-17,28.47
2023-04-11,Holland & Barrett CORK,-?39.54,Health & Fitness,2023-04-11,39.54
2023-05-29,lidl 7094 swords,-69.88,Groceries,2023-05-29,69.88
2025-05-28,dublin bus 6183,-2.40,Transport,2025-05-28,2.4
2025-03-17,dunnes stores swords,-?33.03,Groceries,2025-03-17,33.03
"Oct 12, 2023",LIDL IRELAND,-65.34,Groceries,2023-10-12,65.34
29/11/2023,brown thomas dublin,-?84.10,Shopping,2023-11-29,84.1
"Oct 11, 2023",DELIVEROO.IE *8509,-261.16,Dining & Takeaway,2023-10-11,261.16
"Dec 05, 2023",  APPLE STORE RETAIL   ,?125.68,Shopping,2023-12-05,125.68
16/05/2025,Boojum Burrito CORK,-32.88,Dining & Takeaway,2025-05-16,32.88
2024-11-18,  Tesco Express   ,-68.77,Groceries,2024-11-18,68.77
2023-12-26,Costa Coffee CORK,33.02,Dining & Takeaway,2023-12-26,33.02
2025.01.26,  AMZN PRIME MEMBER   ,-8.56,Entertainment & Subscriptions,2025-01-26,8.56
19/07/2024,LEAP CARD AUTO TOPUP,6.75,Transport,2024-07-19,6.75
2023-09-09,Nandos LIMERICK,-?14.95,Dining & Takeaway,2023-09-09,14.95
2025-06-22,insomnia coffee co,?22.81,Dining & Takeaway,2025-06-22,22.81
"Oct 15, 2024",Boots Healthcare BRAY,-?31.42,Health & Fitness,2024-10-15,31.42
22/07/2023,Tesco Extra Limerick,-?21.99,Groceries,2023-07-22,21.99
"Feb 28, 2023",TESCO EXTRA DUBLIN,45.53 EUR,Groceries,2023-02-28,45.53
2024-04-04,SHELL PETROL 7266,-?18.73,Transport,2024-04-04,18.73
2023-02-27,ALDI STORE 4920,?60.45,Groceries,2023-02-27,60.45
2023-12-29,TESCO EXTRA LIMERICK,-55.23,Groceries,2023-12-29,55.23
2023-12-17,deliveroo.ie *2772,-70.86,Dining & Takeaway,2023-12-17,70.86
"Feb 28, 2024",Tesco Store #7086,-81.91,Groceries,2024-02-28,81.91
2023-02-11,Dentist Clinic Dublin,-?12.00,Health & Fitness,2023-02-11,12.0
2024-03-31,lidl ireland,-?62.18,Groceries,2024-03-31,62.18
2023-10-31,FREE NOW TAXI DUBLIN,-?18.74,Transport,2023-10-31,18.74
14/06/2024,Netflix.com monthly,-20.45,Entertainment & Subscriptions,2024-06-14,20.45
2023-12-08,SHELL PETROL 1745,,Transport,2023-12-08,10.89
2023-03-23,Costa Coffee KILKENNY,-24.54,Dining & Takeaway,2023-03-23,24.54
2025-01-25,LEAP CARD AUTO TOPUP,-25.21,Transport,2025-01-25,25.21
2024-02-18,  LIDL IRELAND   ,-51.78,Groceries,2024-02-18,51.78
2024-02-10,,-61.58,Dining & Takeaway,2024-02-10,61.58
2023-01-07,bord gais energy dd,?76.19,Utilities & Bills,2023-01-07,76.19
2025-03-17,Insomnia Coffee Co,-32.45,Dining & Takeaway,2025-03-17,32.45
08/11/2024,  DUBLIN BUS 8830   ,-?14.09,Transport,2024-11-08,14.09
21/02/2023,Lidl 2586 GALWAY,-27.25,Groceries,2023-02-21,27.25
2023-01-03,JUST EAT 7159,-16.49,Dining & Takeaway,2023-01-03,16.49
2025-05-13,UBER *TRIP 8159,-20.30,Transport,2025-05-13,20.3
13/09/2023,,-114.14,Shopping,2023-09-13,114.14
"Nov 20, 2024",Insomnia Coffee Co,-?25.60,Dining & Takeaway,2024-11-20,25.6
2025-04-25,IRISH RAIL ONLINE,-15.96,Transport,2025-04-25,15.96
2023-12-23,IRISH RAIL ONLINE,?34.93,Transport,2023-12-23,34.93
2023-09-16,DART TICKET MACHINE,21.68 EUR,Transport,2023-09-16,21.68
2023-07-30,SuperValu BRAY,-46.07,Groceries,2023-07-30,46.07
2025-03-09,audible uk monthly,-5.84,Entertainment & Subscriptions,2025-03-09,5.84
2023-09-04,Insomnia Coffee Co,-?17.67,Dining & Takeaway,2023-09-04,17.67
28/07/2024,tesco extra cork,-?93.74,Groceries,2024-07-28,93.74
2023-01-15,Starbucks Coffee #7112,-30.12,Dining & Takeaway,2023-01-15,30.12
2025-06-06,  Sky Ireland TV & Broadband   ,-129.69,Utilities & Bills,2025-06-06,129.69
"May 15, 2024",YOUTUBE PREMIUM,?7.75,Entertainment & Subscriptions,2024-05-15,7.75
2025-01-16,Holland & Barrett SWORDS,-42.03,Health & Fitness,2025-01-16,42.03
2025-02-22,  Starbucks Coffee #9456   ,-39.35,Dining & Takeaway,2025-02-22,39.35
2023-01-28,Lidl 6727 KILKENNY,-29.02,Groceries,2023-01-28,29.02
2023-12-15,YOUTUBE PREMIUM,?4.99,Entertainment & Subscriptions,2023-12-15,4.99
"Aug 04, 2024",AMZN PRIME MEMBER,29.09 EUR,Entertainment & Subscriptions,2024-08-04,29.09
2025-05-11,Tesco Store #1899,?29.94,Groceries,2025-05-11,29.94
10/05/2023,zara ireland cork,-?40.24,Shopping,2023-05-10,40.24
2023.01.25,Dominos Pizza Kilkenny,-32.68,Dining & Takeaway,2023-01-25,32.68
2024-10-18,,67.45,Groceries,2024-10-18,67.45
